Date,Date,Move Up,Confiance up,Move Down,Confiance Down,Actual,Actual.S,Open.S,DMP_CP
2018-07-30,2018-07-30,1,75.49539,0,0.16327798,1779.219970703125,1773.4989,1786.489990234375,99.56838
2018-07-31,2018-07-31,1,99.789795,0,0.005799532,1777.43994140625,1798.2777,1784.0,99.98838
2018-08-01,2018-08-01,1,99.97974,0,0.014561415,1797.1700439453125,1830.0833,1788.77001953125,99.97087
2018-08-02,2018-08-02,0,7.9414964,0,5.7067633,1834.3299560546875,1822.5045,1837.739990234375,16.373758
2018-08-03,2018-08-03,1,99.87099,0,0.08144975,1823.2900390625,1848.5149,1825.81005859375,99.83702
2018-08-06,2018-08-06,1,99.87715,0,0.06464422,1847.75,1861.4978,1854.530029296875,99.870636
2018-08-07,2018-08-07,1,99.971214,0,0.023585558,1862.47998046875,1881.4631,1861.0,99.952835
2018-08-08,2018-08-08,1,99.76552,0,0.026839972,1886.52001953125,1900.1049,1882.0,99.946205
2018-08-09,2018-08-09,1,92.52246,0,7.2037816,1898.52001953125,1888.0032,1888.510009765625,85.55289
2018-08-10,2018-08-10,1,99.27462,0,0.07097721,1886.300048828125,1899.8364,1898.5,99.85711
2018-08-13,2018-08-13,1,91.43673,0,0.088611245,1896.199951171875,1919.6256,1919.3900146484373,99.80637
2018-08-14,2018-08-14,0,1.6480803,1,77.33774,1919.6500244140625,1878.6641,1909.550048828125,-95.8269
2018-08-15,2018-08-15,1,94.11971,0,0.004348159,1882.6199951171875,1899.815,1903.93994140625,99.99076
2018-08-16,2018-08-16,1,57.29954,0,0.2322495,1886.52001953125,1885.3104,1885.800048828125,99.19262
2018-08-17,2018-08-17,0,38.14127,0,0.039038062,1882.219970703125,1873.6346,1890.5699462890625,99.795494
2018-08-20,2018-08-20,1,55.734432,0,0.0011444092,1876.7099609375,1881.4514,1880.0,99.995895
2018-08-21,2018-08-21,1,81.12971,0,0.00019073486,1883.4200439453125,1899.8364,1876.6400146484373,99.99953
2018-08-22,2018-08-22,0,19.986477,0,0.927642,1904.9000244140625,1899.8364,1907.1700439453125,91.12903
2018-08-23,2018-08-23,1,97.14454,0,0.06990731,1902.9000244140625,1912.6312,1910.510009765625,99.85618
2018-08-24,2018-08-24,1,99.27982,0,0.011062622,1905.3900146484373,1912.6312,1915.0,99.977715
2018-08-27,2018-08-27,1,91.75926,0,0.06271899,1927.6800537109373,1926.7153,1937.72998046875,99.86339
2018-08-28,2018-08-28,1,99.99045,0,6.854534e-05,1932.8199462890625,1986.4753,1953.449951171875,99.99986
2018-08-29,2018-08-29,0,33.717197,0,0.35165548,1998.0999755859373,1994.0035,1997.4200439453125,97.93563
2018-08-30,2018-08-30,1,78.35842,0,0.26766062,2002.3800048828125,2008.5045,2007.0,99.31915
2018-08-31,2018-08-31,1,73.28502,0,1.014334,2012.7099609375,2008.5045,2026.5,97.2696
2018-09-04,2018-09-04,0,0.45201182,1,96.711296,2039.510009765625,1995.6328,2038.1099853515625,-99.06958
2018-09-05,2018-09-05,0,3.1776905,1,51.673817,1994.8199462890625,1965.3308,2006.510009765625,-88.41347
2018-09-06,2018-09-06,1,60.298832,0,0.08461177,1958.31005859375,1962.2107,1938.7099609375,99.71976
2018-09-07,2018-09-07,0,31.31717,1,75.60711,1952.0699462890625,1940.6884,1971.0,-41.42178
2018-09-10,2018-09-10,1,98.40435,0,0.0048696995,1939.010009765625,1986.4753,1928.27001953125,99.990105
2018-09-11,2018-09-11,0,0.12070835,0,0.039070845,1987.1500244140625,1982.1455,1994.0,51.093952
2018-09-12,2018-09-12,1,54.87376,0,0.3105402,1990.0,1994.0035,2000.0,98.87454
2018-09-13,2018-09-13,0,13.697353,0,12.423828,1989.8699951171875,1971.2708,1992.9300537109373,4.87545
2018-09-14,2018-09-14,0,15.264392,0,29.431412,1970.18994140625,1929.9338,1954.72998046875,-31.696531
2018-09-17,2018-09-17,1,99.97815,0,0.0018835068,1908.030029296875,1931.6704,1918.6500244140625,99.99623
2018-09-18,2018-09-18,1,69.30801,0,29.731468,1941.050048828125,1929.3953,1940.5,39.960365
2018-09-19,2018-09-19,1,99.64593,0,0.31508207,1926.4200439453125,1931.9507,1938.5799560546875,99.3696
2018-09-20,2018-09-20,1,96.78597,0,3.5674512,1944.300048828125,1940.6884,1954.219970703125,92.89023
2018-09-21,2018-09-21,1,99.96829,0,0.03015101,1915.010009765625,1931.6704,1903.7900390625,99.9397
2018-09-24,2018-09-24,1,98.93247,0,0.012207031,1934.3599853515625,1951.8103,1942.9000244140625,99.97533
2018-09-25,2018-09-25,1,84.17738,0,0.8081943,1974.550048828125,1973.6007,1968.5,98.09804
2018-09-26,2018-09-26,1,99.791695,0,0.04402697,1974.8499755859373,1994.0035,1993.239990234375,99.9118
2018-09-27,2018-09-27,1,55.26514,0,0.013837218,2012.97998046875,2008.5045,2004.4100341796875,99.94994
2018-09-28,2018-09-28,0,39.239414,0,0.04707277,2003.0,1995.6328,2021.989990234375,99.76036
2018-10-01,2018-10-01,0,0.8996457,0,10.402224,2004.3599853515625,1971.8308,1999.989990234375,-84.079704
2018-10-02,2018-10-02,0,17.993364,0,16.309225,1971.31005859375,1956.0538,1981.699951171875,4.909656
2018-10-03,2018-10-03,0,2.862701,1,90.5442,1952.760009765625,1929.9338,1949.0,-93.870476
2018-10-04,2018-10-04,0,5.5963516,1,83.262886,1909.4200439453125,1885.8855,1917.989990234375,-87.40401
2018-10-05,2018-10-05,0,1.1298269,1,92.94997,1889.6500244140625,1854.9739,1874.0,-97.598145
2018-10-08,2018-10-08,0,11.77597,0,1.4457226,1864.4200439453125,1855.6365,1859.989990234375,78.13105
2018-10-09,2018-10-09,0,0.00030994415,1,99.99985,1870.3199462890625,1767.517,1857.8900146484373,-99.999374
2018-10-10,2018-10-10,0,4.34576,1,99.57675,1755.25,1723.6412,1724.0,-91.63654
2018-10-11,2018-10-11,1,99.9998,0,0.0,1719.3599853515625,1795.1821,1808.0,100.0
2018-10-12,2018-10-12,0,46.662865,0,24.655052,1788.6099853515625,1765.5979,1795.0,30.858744
2018-10-15,2018-10-15,1,99.99804,0,0.00040531158,1760.949951171875,1818.6946,1783.5,99.99919
2018-10-16,2018-10-16,1,99.3276,0,0.040751696,1819.9599609375,1829.6454,1842.7900390625,99.917984
2018-10-17,2018-10-17,0,0.07659793,1,79.30384,1831.72998046875,1772.7806,1821.489990234375,-99.80701
2018-10-18,2018-10-18,1,63.28051,0,0.17109811,1770.719970703125,1766.794,1785.1600341796875,99.4607
2018-10-19,2018-10-19,1,99.87093,0,0.0063866377,1764.030029296875,1794.2036,1784.0,99.98721
2018-10-22,2018-10-22,0,26.560629,1,85.49042,1789.300048828125,1775.7758,1742.239990234375,-52.591908
2018-10-23,2018-10-23,0,1.4901161e-05,1,100.0,1768.699951171875,1677.1312,1773.699951171875,-99.99997
2018-10-24,2018-10-24,1,100.0,0,0.0,1664.199951171875,1774.411,1703.3399658203125,100.0
2018-10-25,2018-10-25,0,0.0,1,99.99947,1782.1700439453125,1655.3378,1649.5899658203125,-100.0
2018-10-26,2018-10-26,0,0.0,1,100.0,1642.81005859375,1537.1855,1660.0,-100.0
2018-10-29,2018-10-29,0,0.027120113,1,66.67392,1538.8800048828125,1530.8406,1486.1600341796875,-99.91868
2018-10-30,2018-10-30,1,100.0,0,0.01321733,1530.4200439453125,1590.5353,1569.989990234375,99.97358
2018-10-31,2018-10-31,1,99.99701,0,0.015366077,1598.010009765625,1654.7402,1623.530029296875,99.96928
2018-11-01,2018-11-01,0,2.3363411,0,0.41141212,1665.530029296875,1663.1921,1678.5899658203125,70.05466
2018-11-02,2018-11-02,1,51.787846,0,3.9702356,1665.530029296875,1659.0073,1657.5699462890625,85.75907
2018-11-05,2018-11-05,1,99.98478,0,0.028803945,1627.800048828125,1642.1951,1618.3499755859375,99.942406
2018-11-06,2018-11-06,1,99.999756,0,0.0019967556,1642.81005859375,1699.895,1673.0,99.996
2018-11-07,2018-11-07,0,0.40260255,0,0.032055378,1755.489990234375,1769.9071,1755.0,85.2503
2018-11-08,2018-11-08,0,8.453092,1,98.58749,1754.9100341796875,1707.636,1732.5,-84.20581
2018-11-09,2018-11-09,0,0.6351203,1,99.84674,1712.4300537109375,1661.7021,1698.239990234375,-98.735855
2018-11-12,2018-11-12,0,25.47012,0,0.07075071,1636.8499755859375,1635.692,1649.2900390625,99.44598
2018-11-13,2018-11-13,0,14.659182,0,22.847351,1631.1700439453125,1620.01,1656.3199462890625,-21.831318
2018-11-14,2018-11-14,1,99.02549,0,0.040486455,1599.010009765625,1620.01,1581.010009765625,99.91826
2018-11-15,2018-11-15,0,0.44593513,0,44.695255,1619.43994140625,1595.0527,1587.5,-98.02427
2018-11-16,2018-11-16,0,0.07441938,1,99.94191,1593.4100341796875,1542.8654,1577.010009765625,-99.85119
2018-11-19,2018-11-19,0,0.15087724,1,94.762,1512.2900390625,1497.5925,1437.5,-99.68207
2018-11-20,2018-11-20,1,99.96722,0,9.536743e-05,1495.4599609375,1519.0973,1542.989990234375,99.9998
2018-11-21,2018-11-21,0,0.10706782,1,90.98136,1516.72998046875,1500.6166,1517.0,-99.76491
2018-11-23,2018-11-23,1,99.99379,0,0.0017881393,1502.06005859375,1569.0525,1539.0,99.99643
2018-11-26,2018-11-26,0,2.7323544,0,0.6801307,1581.3299560546875,1569.0906,1575.989990234375,60.138683
2018-11-27,2018-11-27,1,99.99981,0,5.364418e-05,1581.4200439453125,1645.2902,1613.9200439453125,99.99989
2018-11-28,2018-11-28,0,8.215276,0,0.0012248755,1677.75,1663.1921,1674.989990234375,99.97019
2018-11-29,2018-11-29,1,99.99666,0,0.0008046627,1673.5699462890625,1691.4465,1679.5,99.9984
2018-11-30,2018-11-30,1,99.998245,0,0.0013649464,1690.1700439453125,1726.5887,1769.4599609375,99.99727
2018-12-03,2018-12-03,0,0.038465858,1,99.85841,1772.3599853515625,1677.1312,1756.0,-99.92298
2018-12-04,2018-12-04,1,99.59763,0,0.0,1668.4000244140625,1700.2222,1614.8699951171875,100.0
2018-12-06,2018-12-06,0,1.4901161e-05,1,99.764786,1699.18994140625,1632.0698,1705.0699462890625,-99.99997
2018-12-07,2018-12-07,1,99.25433,0,8.940697e-06,1629.1300048828125,1641.305,1623.8399658203125,99.999985
2018-12-10,2018-12-10,0,31.194586,0,0.000667572,1641.030029296875,1642.41,1678.0,99.99572
2018-12-11,2018-12-11,1,98.94569,0,0.0,1643.239990234375,1675.4457,1669.0,100.0
2018-12-12,2018-12-12,0,7.724163,0,0.0049859285,1663.5400390625,1668.6,1680.0,99.87099
2018-12-13,2018-12-13,0,0.01116395,1,74.40095,1658.3800048828125,1601.8828,1638.0,-99.97
2018-12-14,2018-12-14,0,5.6624413e-05,1,99.42496,1591.9100341796875,1523.708,1566.0,-99.99989
2018-12-17,2018-12-17,1,99.990265,0,0.0013232231,1520.9100341796875,1550.9673,1540.0,99.99736
2018-12-18,2018-12-18,0,0.015345216,1,99.936966,1551.47998046875,1503.4277,1543.050048828125,-99.9693
2018-12-19,2018-12-19,0,0.047174096,1,99.80507,1495.0799560546875,1466.4702,1484.0,-99.90552
2018-12-20,2018-12-20,0,7.4505806e-05,1,99.99982,1460.8299560546875,1384.2152,1464.989990234375,-99.99985
2018-12-21,2018-12-21,0,13.690892,0,25.494694,1377.449951171875,1384.2152,1346.0,-30.122816
2018-12-24,2018-12-24,1,99.998055,0,5.6624413e-05,1343.9599609375,1451.7654,1368.8900146484375,99.99989
2018-12-26,2018-12-26,0,0.005313754,1,89.38296,1470.9000244140625,1444.7737,1454.199951171875,-99.98812
2018-12-27,2018-12-27,1,99.55046,0,0.03514886,1461.6400146484375,1471.7511,1473.3499755859375,99.92941
2018-12-28,2018-12-28,1,99.77067,0,0.05327165,1478.02001953125,1500.0254,1510.800048828125,99.89328
2018-12-31,2018-12-31,1,99.99119,0,0.0040113926,1501.969970703125,1537.373,1465.199951171875,99.991974
2019-01-02,2019-01-02,0,0.0056654215,1,93.69845,1539.1300048828125,1498.2506,1520.010009765625,-99.9879
2019-01-03,2019-01-03,1,84.443146,0,0.06594956,1500.280029296875,1525.1929,1530.0,99.843925
2019-01-04,2019-01-04,1,99.99854,0,3.2782555e-05,1575.3900146484375,1624.9705,1602.31005859375,99.99994
2019-01-07,2019-01-07,1,99.93536,0,0.001347065,1629.510009765625,1663.1921,1664.68994140625,99.9973
2019-01-08,2019-01-08,0,47.801064,0,0.35918355,1656.5799560546875,1650.7563,1652.97998046875,98.50838
2019-01-09,2019-01-09,0,5.961141,0,5.8065863,1659.4200439453125,1648.9,1641.010009765625,1.3133789
2019-01-10,2019-01-10,0,3.411001,0,24.559185,1656.219970703125,1641.0701,1640.550048828125,-75.60974
2019-01-11,2019-01-11,0,10.802317,1,72.44833,1640.56005859375,1626.53,1615.0,-74.0487
2019-01-14,2019-01-14,1,99.88455,0,0.00028312206,1617.2099609375,1662.39,1632.0,99.999435
2019-01-15,2019-01-15,1,99.71922,0,2.682209e-05,1674.56005859375,1699.895,1684.219970703125,99.99994
2019-01-16,2019-01-16,1,98.42416,0,0.057920814,1683.780029296875,1692.9761,1680.0,99.88237
2019-01-17,2019-01-17,0,44.87008,0,0.016489625,1693.219970703125,1694.4615,1712.0,99.92652
2019-01-18,2019-01-18,0,1.6437471,0,20.404968,1696.199951171875,1653.1709,1681.0,-85.08986
2019-01-22,2019-01-22,0,19.719065,0,0.0038325787,1632.1700439453125,1640.8,1656.0,99.96114
2019-01-23,2019-01-23,1,99.64099,0,0.023135543,1640.02001953125,1655.6934,1641.0699462890625,99.95358
2019-01-24,2019-01-24,1,96.561646,0,2.3136945,1654.9300537109375,1655.6934,1670.5,95.31997
2019-01-25,2019-01-25,1,71.88679,0,14.014092,1670.5699462890625,1653.0259,1643.5899658203125,67.37148
2019-01-28,2019-01-28,1,72.5427,0,5.1427155,1637.8900146484375,1619.37,1631.27001953125,86.760155
2019-01-29,2019-01-29,1,99.99915,0,0.00015497208,1593.8800048828125,1662.6523,1623.0,99.999695
2019-01-30,2019-01-30,1,99.46855,0,0.016745925,1670.4300537109375,1699.895,1692.8499755859375,99.96634
2019-01-31,2019-01-31,0,0.0014573336,1,74.04097,1718.72998046875,1655.3378,1638.8800048828125,-99.99606
2019-02-01,2019-02-01,0,42.181633,0,0.033038855,1626.22998046875,1636.2614,1623.0,99.843475
2019-02-04,2019-02-04,1,99.7159,0,0.020992756,1633.31005859375,1662.39,1643.3399658203125,99.95789
2019-02-05,2019-02-05,0,39.02627,1,91.65317,1658.81005859375,1640.5023,1670.75,-40.271748
2019-02-06,2019-02-06,0,0.5504072,1,99.96376,1640.260009765625,1601.8828,1625.0,-98.904816
2019-02-07,2019-02-07,0,31.681973,0,48.283203,1614.3699951171875,1617.8116,1586.0,-20.760574
2019-02-08,2019-02-08,0,34.857254,0,2.6639671,1588.219970703125,1585.5767,1600.97998046875,85.80021
2019-02-11,2019-02-11,1,96.77365,0,0.4241526,1591.0,1616.1334,1604.0,99.127235
2019-02-12,2019-02-12,0,6.7935376,0,0.4009664,1638.010009765625,1640.79,1647.0,88.853546
2019-02-13,2019-02-13,0,2.4552107,1,56.246174,1640.0,1619.37,1624.5,-91.63491
2019-02-14,2019-02-14,1,59.9939,0,5.763805,1622.6500244140625,1617.8116,1627.8599853515625,82.46957
2019-02-15,2019-02-15,1,98.33752,0,0.2473563,1607.949951171875,1617.8116,1601.0,99.49819
2019-02-19,2019-02-19,1,56.38827,0,1.0883838,1627.5799560546875,1617.8116,1630.0,96.21278
2019-02-20,2019-02-20,0,35.911835,0,0.73349476,1622.0999755859375,1617.8116,1619.8499755859375,95.996796
2019-02-21,2019-02-21,1,96.48895,0,0.046676397,1619.43994140625,1632.6768,1623.5,99.9033
2019-02-22,2019-02-22,0,44.546448,0,0.006237626,1631.56005859375,1634.7334,1641.449951171875,99.972
2019-02-25,2019-02-25,0,8.67615,0,0.0006020069,1633.0,1638.6523,1625.97998046875,99.98613
2019-02-26,2019-02-26,0,14.744652,0,0.00032186508,1636.4000244140625,1641.01,1628.1800537109375,99.99563
2019-02-27,2019-02-27,1,64.3976,0,0.005465746,1641.0899658203125,1641.01,1635.25,99.98304
2019-02-28,2019-02-28,1,97.22101,0,0.0125437975,1639.8299560546875,1662.39,1655.1300048828125,99.974205
2019-03-01,2019-03-01,1,99.58155,0,0.0102669,1671.72998046875,1694.4465,1685.0,99.97938
2019-03-04,2019-03-04,1,77.561066,0,0.79583824,1696.1700439453125,1692.9761,1702.949951171875,97.96869
2019-03-05,2019-03-05,0,13.390907,0,7.480469,1692.4300537109375,1674.061,1695.969970703125,28.318394
2019-03-06,2019-03-06,0,16.868666,0,9.434292,1668.949951171875,1653.0259,1667.3699951171875,28.264404
2019-03-07,2019-03-07,0,33.474056,0,0.19759238,1625.949951171875,1626.53,1604.010009765625,98.82635
2019-03-08,2019-03-08,1,99.99483,0,0.0006735325,1620.800048828125,1662.6523,1626.1199951171875,99.99866
2019-03-11,2019-03-11,0,32.396614,0,5.600083,1670.6199951171875,1657.3401,1669.0,70.52332
2019-03-12,2019-03-12,1,99.84391,0,0.06954968,1673.0999755859375,1691.6454,1683.0,99.86078
2019-03-13,2019-03-13,1,91.75402,0,0.20539165,1690.81005859375,1687.6444,1691.199951171875,99.5533
2019-03-14,2019-03-14,1,99.9798,0,0.00090301037,1686.219970703125,1715.7186,1703.0,99.9982
2019-03-15,2019-03-15,1,99.493744,0,0.0048726797,1712.3599853515625,1722.8665,1712.699951171875,99.990204
2019-03-18,2019-03-18,1,99.98018,0,0.002861023,1742.1500244140625,1767.8574,1753.510009765625,99.99428
2019-03-19,2019-03-19,1,99.98324,0,0.0026643276,1761.8499755859375,1796.3508,1769.93994140625,99.994675
2019-03-20,2019-03-20,1,99.94069,0,0.013995171,1797.27001953125,1818.307,1796.260009765625,99.972
2019-03-21,2019-03-21,0,11.757642,1,94.44884,1819.260009765625,1762.9896,1810.1700439453125,-77.858894
2019-03-22,2019-03-22,1,97.792305,0,0.04388988,1764.77001953125,1774.9583,1757.7900390625,99.91028
2019-03-25,2019-03-25,1,95.96145,0,0.02874434,1774.260009765625,1788.6108,1793.0,99.9401
2019-03-26,2019-03-26,0,44.388515,0,13.688106,1783.760009765625,1767.2546,1784.1300048828125,52.861904
2019-03-27,2019-03-27,1,78.351425,0,0.0057071447,1765.699951171875,1771.8324,1770.0,99.985435
2019-03-28,2019-03-28,1,79.251076,0,0.00056922436,1773.4200439453125,1782.8344,1786.5799560546875,99.99856
2019-03-29,2019-03-29,1,97.67104,0,0.0,1780.75,1815.0281,1800.1099853515625,100.0
2019-04-01,2019-04-01,1,59.806137,0,0.03681779,1814.18994140625,1814.2096,1811.02001953125,99.876945
2019-04-02,2019-04-02,1,87.350395,0,0.0069081783,1813.97998046875,1820.0903,1826.719970703125,99.98419
2019-04-03,2019-04-03,1,88.05565,0,0.098377466,1820.699951171875,1817.9529,1820.6500244140625,99.7768
2019-04-04,2019-04-04,1,99.81301,0,0.02360642,1818.8599853515625,1832.6874,1829.0,99.95271
2019-04-05,2019-04-05,1,99.882164,0,0.031006336,1837.280029296875,1850.261,1833.22998046875,99.937935
2019-04-08,2019-04-08,1,96.03759,0,0.9478867,1849.8599853515625,1841.3749,1845.489990234375,98.04531
2019-04-09,2019-04-09,1,99.44203,0,0.04810095,1835.8399658203125,1848.2327,1841.0,99.9033
2019-04-10,2019-04-10,1,93.23684,0,0.024861097,1847.3299560546875,1842.3119,1848.699951171875,99.94668
2019-04-11,2019-04-11,1,67.13373,0,0.0070661306,1844.0699462890625,1842.3119,1848.4000244140625,99.97895
2019-04-12,2019-04-12,1,69.06307,0,0.003656745,1843.06005859375,1842.3119,1842.0,99.98942
2019-04-15,2019-04-15,1,99.555435,0,0.0014066696,1844.8699951171875,1861.4978,1851.3499755859373,99.99718
2019-04-16,2019-04-16,1,75.28979,0,0.19448996,1863.0400390625,1867.6897,1872.989990234375,99.484695
2019-04-17,2019-04-17,1,53.65612,0,0.4804045,1864.8199462890625,1862.3044,1868.7900390625,98.22521
2019-04-18,2019-04-18,1,98.854,0,0.0641793,1861.68994140625,1881.4631,1855.4000244140625,99.87024
2019-04-22,2019-04-22,1,97.70317,0,0.09278655,1887.31005859375,1900.1049,1891.199951171875,99.81024
2019-04-23,2019-04-23,0,4.8961105,0,25.748646,1923.77001953125,1901.1572,1925.0,-68.04601
2019-04-24,2019-04-24,1,91.589615,0,0.28685033,1901.75,1908.5591,1917.0,99.37557
2019-04-25,2019-04-25,1,99.9335,0,0.00044703484,1902.25,1951.8103,1929.0,99.9991
2019-04-26,2019-04-26,0,1.60487,0,19.791582,1950.6300048828125,1929.71,1949.0,-84.998726
2019-04-29,2019-04-29,0,39.983974,0,1.451689,1938.4300537109373,1940.6884,1930.0999755859373,92.99304
2019-04-30,2019-04-30,0,35.997944,0,7.087484,1926.52001953125,1910.2378,1933.0899658203125,67.10032
2019-05-01,2019-05-01,0,36.955692,0,26.982319,1911.52001953125,1894.9226,1913.3299560546875,15.598504
2019-05-02,2019-05-02,1,99.85361,0,0.00027418137,1900.8199462890625,1951.8103,1949.0,99.99945
2019-05-03,2019-05-03,0,0.8721918,1,89.18584,1962.4599609375,1940.6884,1917.97998046875,-98.06305
2019-05-06,2019-05-06,0,0.4000485,0,11.703402,1950.550048828125,1920.3005,1939.989990234375,-93.38952
2019-05-07,2019-05-07,1,91.56264,0,0.13711452,1921.0,1918.6855,1918.8699951171875,99.70094
2019-05-08,2019-05-08,1,93.699936,0,0.60685277,1917.77001953125,1908.5591,1900.0,98.71303
2019-05-09,2019-05-09,1,80.309875,0,0.5513817,1899.8699951171875,1889.8431,1898.0,98.63622
2019-05-10,2019-05-10,0,0.31676888,1,90.03935,1889.97998046875,1827.9705,1836.56005859375,-99.298836
2019-05-13,2019-05-13,1,99.95068,0,0.028666854,1822.6800537109373,1839.011,1839.5,99.94266
2019-05-14,2019-05-14,1,99.98621,0,0.012475252,1840.1199951171875,1861.4978,1827.949951171875,99.97505
2019-05-15,2019-05-15,1,99.409424,0,0.006490946,1871.1500244140625,1900.1049,1885.93994140625,99.98694
2019-05-16,2019-05-16,0,1.740545,1,68.86639,1907.5699462890625,1871.2623,1893.050048828125,-95.069756
2019-05-17,2019-05-17,1,98.18104,0,0.5299866,1869.0,1871.2623,1852.68994140625,98.92619
2019-05-20,2019-05-20,1,99.76018,0,0.5819291,1858.969970703125,1861.2722,1874.7900390625,98.8401
2019-05-21,2019-05-21,1,99.57789,0,0.39526522,1857.52001953125,1862.3044,1851.780029296875,99.20926
2019-05-22,2019-05-22,1,62.43093,1,50.9826,1859.6800537109373,1843.0197,1836.5899658203125,10.094324
2019-05-23,2019-05-23,1,94.19327,0,0.18765032,1815.47998046875,1822.9615,1835.8900146484373,99.60235
2019-05-24,2019-05-24,1,99.49419,0,0.76165795,1823.280029296875,1839.8829,1832.75,98.48057
2019-05-28,2019-05-28,0,42.353664,1,74.8262,1836.4300537109373,1819.236,1823.1199951171875,-27.711704
2019-05-29,2019-05-29,1,93.29368,0,15.654191,1819.18994140625,1815.9646,1825.489990234375,71.26297
2019-05-30,2019-05-30,0,9.31575,1,94.789955,1816.3199462890625,1775.4661,1790.010009765625,-82.10329
2019-05-31,2019-05-31,0,1.341489,1,96.21874,1775.0699462890625,1729.0703,1760.010009765625,-97.249916
2019-06-03,2019-06-03,1,99.99813,0,0.0009149313,1692.68994140625,1743.1643,1699.239990234375,99.99817
2019-06-04,2019-06-04,1,96.36752,0,0.26836097,1729.56005859375,1737.9451,1749.5999755859375,99.44459
2019-06-05,2019-06-05,1,97.64477,0,1.9048721,1738.5,1746.0261,1737.7099609375,96.17303
2019-06-06,2019-06-06,1,99.7908,0,0.012022257,1754.3599853515625,1767.8574,1763.699951171875,99.9759
2019-06-07,2019-06-07,1,99.9858,0,0.00019073486,1804.030029296875,1848.3848,1822.0,99.99962
2019-06-10,2019-06-10,1,98.00958,0,0.0009417534,1860.6300048828125,1867.1296,1883.25,99.998085
2019-06-11,2019-06-11,1,99.76251,0,0.16432405,1863.699951171875,1862.3044,1853.97998046875,99.67111
2019-06-12,2019-06-12,1,99.91994,0,0.4797548,1855.3199462890625,1870.4297,1866.719970703125,99.04432
2019-06-13,2019-06-13,1,90.98009,0,15.0174675,1870.300048828125,1870.1147,1864.0,71.6645
2019-06-14,2019-06-14,1,88.87215,0,1.2589246,1869.6700439453125,1878.2947,1876.5,97.20646
2019-06-17,2019-06-17,1,93.671814,0,3.4705968,1886.030029296875,1899.8364,1901.3499755859373,92.85462
2019-06-18,2019-06-18,1,74.66624,0,0.5000174,1901.3699951171875,1914.1956,1907.8399658203125,98.66958
2019-06-19,2019-06-19,1,63.498825,0,0.037315488,1908.7900390625,1912.6312,1933.3299560546875,99.88254
2019-06-20,2019-06-20,0,34.799812,0,0.068333745,1918.18994140625,1910.2378,1916.0999755859373,99.608055
2019-06-21,2019-06-21,1,70.00324,0,0.022283196,1911.300048828125,1915.2053,1912.6600341796875,99.93635
2019-06-24,2019-06-24,0,9.64396,0,7.2133155,1913.9000244140625,1883.9882,1911.8399658203125,14.418964
2019-06-25,2019-06-25,1,88.76494,0,6.854534e-05,1878.27001953125,1896.8204,1892.47998046875,99.99985
2019-06-26,2019-06-26,0,49.76529,0,0.01924336,1897.8299560546875,1899.8364,1902.0,99.92268
2019-06-27,2019-06-27,0,12.440538,0,0.0497818,1904.280029296875,1891.6682,1909.0999755859373,99.20287
2019-06-28,2019-06-28,1,98.21999,0,0.00036358833,1893.6300048828125,1912.6312,1922.97998046875,99.99925
2019-07-01,2019-07-01,1,83.63621,0,0.001206994,1922.18994140625,1929.3953,1919.3800048828125,99.997116
2019-07-02,2019-07-02,0,46.554012,0,0.003170967,1934.31005859375,1929.3005,1935.8900146484373,99.98638
2019-07-03,2019-07-03,1,99.59004,0,0.001040101,1939.0,1957.6307,1928.5999755859373,99.99792
2019-07-05,2019-07-05,1,99.750854,0,0.007236004,1942.9100341796875,1947.6729,1934.1199951171875,99.9855
2019-07-08,2019-07-08,1,99.988914,0,0.0002592802,1952.3199462890625,1986.4753,1947.800048828125,99.99948
2019-07-09,2019-07-09,1,96.93166,0,0.0061124563,1988.300048828125,1994.7505,1996.510009765625,99.9874
2019-07-10,2019-07-10,1,89.727615,0,0.09833872,2017.4100341796875,2008.5045,2025.6199951171875,99.78105
2019-07-11,2019-07-11,1,94.19384,0,0.107336044,2001.0699462890625,1995.6328,2008.27001953125,99.772354
2019-07-12,2019-07-12,1,72.587906,0,0.10814667,2011.0,2008.5045,2021.4000244140625,99.70247
2019-07-15,2019-07-15,0,30.579176,0,0.07478297,2020.989990234375,2008.5045,2010.5799560546875,99.512085
2019-07-16,2019-07-16,0,2.121809,0,0.91741383,2009.9000244140625,1982.1907,2007.050048828125,39.628395
2019-07-17,2019-07-17,0,8.8746395,0,0.8569181,1992.030029296875,1974.6904,1980.010009765625,82.38888
2019-07-18,2019-07-18,0,25.086838,0,0.017032027,1977.9000244140625,1968.4358,1991.2099609375,99.8643
2019-07-19,2019-07-19,1,88.23238,0,3.2782555e-05,1964.52001953125,1994.0035,1971.1400146484373,99.99993
2019-07-22,2019-07-22,0,39.432785,0,0.00015497208,1985.6300048828125,1994.7505,1995.989990234375,99.99921
2019-07-23,2019-07-23,0,43.59622,0,0.13439655,1994.489990234375,1994.0035,1969.300048828125,99.385345
2019-07-24,2019-07-24,0,0.49603283,0,0.3361702,2000.81005859375,1974.6904,2001.0,19.209572
2019-07-25,2019-07-25,1,95.588326,0,0.15136003,1973.8199462890625,1956.0538,1942.0,99.68381
2019-07-26,2019-07-26,1,99.79562,0,0.018706918,1943.050048828125,1947.6729,1930.0,99.96252
2019-07-29,2019-07-29,1,99.592125,0,0.008305907,1912.449951171875,1910.2378,1891.1199951171875,99.983315
2019-07-30,2019-07-30,1,80.05909,0,0.80696046,1898.530029296875,1871.2623,1898.1099853515625,98.0042
2019-07-31,2019-07-31,1,98.07557,0,0.7900357,1866.780029296875,1855.6578,1871.719970703125,98.401794
2019-08-01,2019-08-01,0,49.099808,0,15.047232,1855.3199462890625,1821.1545,1845.0699462890625,53.085182
2019-08-02,2019-08-02,0,6.6047134,0,40.023594,1823.239990234375,1772.7806,1770.219970703125,-71.6708
2019-08-05,2019-08-05,1,99.89114,0,0.0002503395,1765.1300048828125,1789.1791,1792.22998046875,99.9995
2019-08-06,2019-08-06,1,99.64733,0,0.0038951635,1787.8299560546875,1794.4158,1773.989990234375,99.99217
2019-08-07,2019-08-07,1,99.9968,0,2.0861626e-05,1793.4000244140625,1833.9609,1806.0,99.999954
2019-08-08,2019-08-08,1,64.43483,0,0.72475076,1832.8900146484373,1809.2115,1828.949951171875,97.77545
2019-08-09,2019-08-09,1,72.309456,0,7.788759,1807.5799560546875,1781.3661,1795.989990234375,80.55198
2019-08-12,2019-08-12,1,99.999435,0,0.0018388033,1784.9200439453125,1824.8313,1783.0,99.99632
2019-08-13,2019-08-13,0,2.9444604,1,94.14246,1824.3399658203125,1770.2268,1793.010009765625,-93.93439
2019-08-14,2019-08-14,1,99.31234,0,48.72113,1762.9599609375,1770.663,1781.989990234375,34.175518
2019-08-15,2019-08-15,1,98.26758,1,94.848175,1776.1199951171875,1782.8344,1792.8900146484375,1.7706494
2019-08-16,2019-08-16,1,98.09752,1,89.583984,1792.5699462890625,1816.6725,1818.0799560546875,4.536161
2019-08-19,2019-08-19,0,22.212643,1,97.97555,1816.1199951171875,1802.3999,1814.5,-63.0369
2019-08-20,2019-08-20,1,94.9746,0,0.04259348,1801.3800048828125,1824.0332,1819.3900146484373,99.91034
2019-08-21,2019-08-21,0,7.5562954,0,0.22920966,1823.5400390625,1804.4934,1828.0,94.111885
2019-08-22,2019-08-22,0,11.658591,0,0.055733323,1804.6600341796875,1763.5569,1793.030029296875,99.048454
2019-08-23,2019-08-23,1,92.62912,0,5.0663948e-05,1749.6199951171875,1769.2139,1766.9100341796875,99.999886
2019-08-26,2019-08-26,0,34.291924,0,0.01014173,1768.8699951171875,1763.3302,1775.72998046875,99.94086
2019-08-27,2019-08-27,1,91.11949,0,1.0910094,1761.8299560546875,1764.8503,1755.0,97.63365
2019-08-28,2019-08-28,1,99.166275,0,0.073096156,1764.25,1777.5436,1783.0,99.852684
2019-08-29,2019-08-29,1,76.01981,0,0.12606382,1786.4000244140625,1783.5612,1797.489990234375,99.6689
2019-08-30,2019-08-30,1,99.00397,0,0.00020563602,1776.2900390625,1789.5935,1770.0,99.99958
2019-09-03,2019-09-03,1,99.62231,0,0.0002592802,1789.8399658203125,1800.345,1805.0,99.99948
2019-09-04,2019-09-04,1,99.97522,0,1.7881393e-05,1800.6199951171875,1834.128,1821.949951171875,99.99997
2019-09-05,2019-09-05,1,99.87828,0,0.046244264,1840.719970703125,1835.31,1838.219970703125,99.90745
2019-09-06,2019-09-06,1,99.87806,0,0.08492768,1833.510009765625,1830.1985,1841.0,99.83008
2019-09-09,2019-09-09,1,99.32435,0,0.4155755,1831.3499755859373,1819.3813,1822.75,99.16669
2019-09-10,2019-09-10,1,99.90826,0,0.041285157,1820.550048828125,1823.4891,1812.1400146484373,99.9174
2019-09-11,2019-09-11,1,99.33993,0,0.0040352345,1822.989990234375,1835.487,1837.6300048828125,99.991875
2019-09-12,2019-09-12,1,53.688538,0,2.4138212,1843.550048828125,1838.2709,1842.010009765625,91.394936
2019-09-13,2019-09-13,0,9.09068,0,15.576279,1839.3399658203125,1809.222,1824.02001953125,-26.292658
2019-09-16,2019-09-16,1,89.599045,0,0.00013113022,1807.8399658203125,1822.6838,1807.0799560546875,99.99971
2019-09-17,2019-09-17,0,18.127918,0,0.0034451485,1822.550048828125,1818.0464,1817.0400390625,99.962006
2019-09-18,2019-09-18,0,18.919855,0,0.0012785196,1817.4599609375,1822.1594,1821.02001953125,99.986496
2019-09-19,2019-09-19,0,0.28437674,0,0.12124479,1821.5,1798.7898,1821.7099609375,40.217773
2019-09-20,2019-09-20,0,1.5172005,0,0.0103235245,1794.1600341796875,1779.4756,1777.0,98.64833
2019-09-23,2019-09-23,0,0.3529042,0,1.1789829,1785.300048828125,1749.8949,1790.6099853515625,-53.925556
2019-09-24,2019-09-24,1,99.916504,0,6.258488e-05,1741.6099853515625,1766.6141,1747.3599853515625,99.99988
2019-09-25,2019-09-25,0,2.1992235,0,1.3698667,1768.3299560546875,1738.7661,1762.7900390625,23.237204
2019-09-26,2019-09-26,1,80.23411,0,0.04349351,1739.8399658203125,1728.9945,1748.0,99.89164
2019-09-27,2019-09-27,1,99.547386,0,0.0037640333,1725.449951171875,1736.6774,1726.989990234375,99.99244
2019-09-30,2019-09-30,1,93.18511,0,0.037500262,1735.9100341796875,1736.6711,1746.0,99.91955
2019-10-01,2019-10-01,0,26.969103,0,0.4602164,1735.6500244140625,1715.9073,1727.739990234375,96.64435
2019-10-02,2019-10-02,1,98.19116,0,0.0005275011,1713.22998046875,1719.9604,1713.0,99.998924
2019-10-03,2019-10-03,1,99.73982,0,0.0009715557,1724.4200439453125,1738.6711,1726.02001953125,99.998055
2019-10-04,2019-10-04,1,89.7745,0,0.36418438,1739.6500244140625,1732.7063,1731.6300048828125,99.191956
2019-10-07,2019-10-07,1,89.27907,0,0.11600852,1732.6600341796875,1721.154,1722.489990234375,99.74047
2019-10-08,2019-10-08,1,99.96187,0,0.00055134296,1705.510009765625,1719.9604,1719.6099853515625,99.9989
2019-10-09,2019-10-09,1,99.73925,0,0.048458576,1721.989990234375,1721.154,1725.239990234375,99.90287
2019-10-10,2019-10-10,1,99.97595,0,0.0016450882,1720.260009765625,1732.7063,1742.9200439453125,99.996704
2019-10-11,2019-10-11,1,99.2744,0,0.00461936,1731.9200439453125,1736.6774,1728.9100341796875,99.9907
2019-10-14,2019-10-14,1,99.31993,0,0.0007033348,1736.4300537109375,1752.5361,1742.1400146484375,99.99859
2019-10-15,2019-10-15,1,99.94422,0,0.015518069,1767.3800048828125,1781.5574,1773.3299560546875,99.96895
2019-10-16,2019-10-16,1,99.49464,0,0.30712485,1777.4300537109375,1782.8344,1796.489990234375,99.38454
2019-10-17,2019-10-17,1,92.439095,0,0.94006956,1787.47998046875,1770.9457,1787.800048828125,97.98655
2019-10-18,2019-10-18,1,99.974236,0,0.0026285648,1757.510009765625,1773.4387,1769.6600341796875,99.994736
2019-10-21,2019-10-21,1,73.81236,0,6.7442536,1785.6600341796875,1765.5903,1788.1500244140625,83.25586
2019-10-22,2019-10-22,1,67.9431,0,0.03142059,1765.72998046875,1764.2032,1761.300048828125,99.90756
2019-10-23,2019-10-23,1,92.2556,0,0.00040829182,1762.1700439453125,1777.5436,1771.0899658203125,99.99911
2019-10-24,2019-10-24,0,43.76552,0,0.018686056,1780.780029296875,1763.7659,1697.550048828125,99.91465
2019-10-25,2019-10-25,0,0.07621944,0,0.04363954,1761.3299560546875,1743.1643,1748.06005859375,27.181858
2019-10-28,2019-10-28,0,34.70249,0,0.06914139,1777.0799560546875,1763.3302,1774.81005859375,99.60231
2019-10-29,2019-10-29,1,99.760666,0,0.0004351139,1762.7099609375,1782.8344,1760.239990234375,99.99913
2019-10-30,2019-10-30,1,99.26448,0,0.00551939,1779.989990234375,1782.8344,1775.989990234375,99.98889
2019-10-31,2019-10-31,1,99.36152,0,0.0036120415,1776.6600341796875,1778.4453,1788.010009765625,99.99274
2019-11-01,2019-11-01,1,99.898926,0,0.00094771385,1791.43994140625,1807.105,1801.010009765625,99.99811
2019-11-04,2019-11-04,1,99.40274,0,0.014650822,1804.6600341796875,1803.4995,1809.1600341796875,99.970535
2019-11-05,2019-11-05,1,99.07259,0,0.051903725,1801.7099609375,1796.5964,1801.0,99.89527
2019-11-06,2019-11-06,1,97.87852,0,0.13951361,1795.77001953125,1786.2906,1803.760009765625,99.71533
2019-11-07,2019-11-07,1,88.95181,0,0.011757016,1788.199951171875,1785.1306,1787.8900146484375,99.97357
2019-11-08,2019-11-08,0,14.339945,0,0.106835365,1785.8800048828125,1773.4387,1778.0,98.52098
2019-11-11,2019-11-11,0,39.577156,0,0.008764863,1771.6500244140625,1771.7253,1774.6600341796875,99.95571
2019-11-12,2019-11-12,0,10.924685,0,0.13152659,1778.0,1759.2804,1773.3900146484375,97.62076
2019-11-13,2019-11-13,1,97.23712,0,0.03632605,1753.1099853515625,1758.63,1751.4300537109375,99.925316
2019-11-14,2019-11-14,1,72.58029,0,0.3916502,1754.5999755859375,1743.666,1760.050048828125,98.92658
2019-11-15,2019-11-15,1,99.39613,0,0.0019162893,1739.489990234375,1745.1111,1738.300048828125,99.99615
2019-11-18,2019-11-18,1,92.97278,0,0.08559525,1752.530029296875,1753.7987,1756.989990234375,99.81604
2019-11-19,2019-11-19,1,82.96136,0,0.8151829,1752.7900390625,1743.666,1749.1400146484375,98.0539
2019-11-20,2019-11-20,1,96.81188,0,0.050768256,1745.530029296875,1743.666,1743.0,99.89518
2019-11-21,2019-11-21,1,99.86421,0,0.0017791986,1734.7099609375,1741.706,1739.02001953125,99.996445
2019-11-22,2019-11-22,1,99.96203,0,0.005799532,1745.719970703125,1753.7987,1753.25,99.9884
2019-11-25,2019-11-25,1,97.98162,0,0.01129806,1773.8399658203125,1782.8344,1779.9200439453125,99.97694
2019-11-26,2019-11-26,1,99.49455,0,0.0014573336,1796.93994140625,1817.188,1801.0,99.99707
2019-11-27,2019-11-27,1,82.91342,0,0.68801343,1818.510009765625,1799.2345,1817.780029296875,98.35407
2019-11-29,2019-11-29,1,94.51478,0,0.76505244,1800.800048828125,1790.8545,1804.4000244140625,98.39409
2019-12-02,2019-12-02,1,98.735115,0,0.1095444,1781.5999755859375,1777.1707,1760.0,99.77835
2019-12-03,2019-12-03,1,60.252434,0,1.3790578,1769.9599609375,1758.63,1774.010009765625,95.524826
2019-12-04,2019-12-04,0,30.904722,0,3.89463,1760.68994140625,1749.4275,1763.5,77.61665
2019-12-05,2019-12-05,1,90.40009,0,0.01924634,1740.47998046875,1756.7532,1751.199951171875,99.95743
2019-12-06,2019-12-06,1,58.83328,0,6.386611,1751.5999755859375,1743.666,1750.6600341796875,80.415146
2019-12-09,2019-12-09,1,92.621704,0,5.001193,1749.510009765625,1743.666,1747.4000244140625,89.75407
2019-12-10,2019-12-10,1,99.99375,0,0.0018065717,1739.2099609375,1773.7847,1741.6700439453125,99.99638
2019-12-11,2019-12-11,1,99.98959,0,0.0053602797,1748.719970703125,1781.5574,,99.98927
