,Date,Open Long,Close Long,Open Short,Close Short,Exposure Long,Exposure Short,Exposure,Net Exposure,PNL,Unrealized PNL,Cumulative PNL,NAV,Net Long,Net Short,Maximum Drawdown
0,2017-02-16,10,0,6,0,299964.74,-180034.64,479999.37999999995,119930.09999999998,0.0,0.0,0.0,1000000.0,10,6,0.0
1,2017-02-17,4,1,2,1,389071.87,-210402.47,599474.3399999999,178669.4,1268.6,1452.65,1268.6,1002721.25,13,7,0.0
2,2017-02-21,1,3,1,0,327580.74999999994,-240307.51,567888.2599999999,87273.23999999993,1501.05,-407.1,2769.65,1002362.55,11,8,-407.1
3,2017-02-22,3,1,0,2,387226.43999999994,-179828.97,567055.4099999999,207397.46999999994,-42.299999999999955,-1900.97,2727.35,1000826.38,13,6,-1900.97
4,2017-02-23,4,0,1,0,507264.49999999994,-209823.27000000002,717087.77,297441.2299999999,0.0,-1664.5700000000002,2727.35,1001062.78,17,7,-1900.97
5,2017-02-24,2,2,1,1,506922.47,-211167.83000000002,718090.2999999999,295754.63999999996,1595.8,-2020.15,4323.150000000001,1002303.0,17,7,-2020.15
6,2017-02-27,2,3,0,0,476181.06,-211167.83000000002,687348.89,265013.23,742.2,3.679999999999893,5065.35,1005069.03,16,7,-2020.15
7,2017-02-28,2,1,0,2,505395.34,-150749.22000000003,656144.5599999999,354646.12,433.7,-459.14999999999986,5499.05,1005039.9,17,5,-2020.15
8,2017-03-01,0,3,3,0,415833.52,-240815.84000000003,656649.36,175017.68,-533.05,-1301.3699999999997,4966.0,1003664.63,14,8,-2020.15
9,2017-03-02,2,1,0,1,445457.73000000004,-211163.2,656620.9299999999,234294.53000000003,788.3299999999999,982.5300000000001,5754.33,1006736.86,15,7,-2020.15
10,2017-03-03,1,0,1,0,475488.08,-241177.47,716665.5499999999,234310.61000000002,0.0,789.6800000000003,5754.33,1006544.01,16,8,-2020.15
11,2017-03-06,1,3,0,0,415174.43,-241177.47,656351.8999999999,173996.96,258.82,652.97,6013.15,1006666.12,14,8,-2020.15
12,2017-03-07,2,0,0,0,475151.89,-241177.47,716329.3599999999,233974.42,0.0,1082.81,6013.15,1007095.9600000001,16,8,-2020.15
13,2017-03-08,2,3,0,0,442959.62,-241177.47,684137.0899999999,201782.15,2208.66,570.7000000000004,8221.81,1008792.51,15,8,-2020.15
14,2017-03-09,2,2,1,1,445463.42,-242039.47999999998,687502.8999999998,203423.94,-1579.87,2504.3699999999994,6641.939999999999,1009146.3099999999,15,8,-2020.15
15,2017-03-10,2,2,0,0,444975.81,-242039.47999999998,687015.2899999998,202936.33000000002,449.70000000000005,826.75,7091.6399999999985,1007918.39,15,8,-2020.15
16,2017-03-13,1,1,2,1,444934.33999999997,-273261.70999999996,718196.0499999999,171672.63,1323.1,1183.5800000000006,8414.739999999998,1009598.32,15,9,-2020.15
17,2017-03-14,4,2,0,2,505928.55,-216420.74999999994,722349.2999999999,289507.80000000005,2170.38,-806.5099999999999,10585.119999999999,1009778.61,17,7,-2020.15
18,2017-03-15,1,2,3,0,472959.57999999996,-306477.06999999995,779436.6499999999,166482.51,2943.4,-217.5300000000002,13528.519999999999,1013310.99,16,10,-2020.15
19,2017-03-16,1,2,1,1,441511.19999999995,-306646.50999999995,748157.7099999998,134864.69,1679.6799999999998,26.6300000000002,15208.199999999997,1015234.83,15,10,-2020.15
20,2017-03-17,0,3,1,1,350618.79999999993,-305388.7299999999,656007.5299999998,45230.07000000001,-397.46000000000004,-1086.3500000000001,14810.739999999996,1013724.39,12,10,-2020.15
21,2017-03-20,1,0,3,0,380553.75999999995,-395457.7799999999,776011.5399999998,-14904.01999999996,0.0,241.71,14810.739999999996,1015052.45,13,13,-2020.15
22,2017-03-21,2,0,0,4,440576.16,-280085.67999999993,720661.8399999999,160490.48000000004,4619.59,-7160.18,19430.329999999994,1012270.1499999999,15,9,-7160.18
23,2017-03-22,1,1,0,1,440546.45999999996,-250440.63999999993,690987.0999999999,190105.82000000004,440.05,-2346.0,19870.379999999994,1017524.38,15,8,-7160.18
24,2017-03-23,3,0,1,0,530568.97,-280494.7899999999,811063.7599999999,250074.18000000005,0.0,-3269.6,19870.379999999994,1016600.78,18,9,-7160.18
25,2017-03-24,1,1,0,1,532845.0499999999,-251187.28999999992,784032.34,281657.76,-1562.6799999999998,-6467.370000000001,18307.699999999993,1011840.33,18,8,-7160.18
26,2017-03-27,2,1,0,0,562775.53,-251187.28999999992,813962.8200000001,311588.2400000001,72.6,-3395.8199999999997,18380.299999999992,1014984.4800000001,19,8,-7160.18
27,2017-03-28,1,0,1,0,592785.49,-281163.2899999999,873948.78,311622.20000000007,0.0,-1956.76,18380.299999999992,1016423.54,20,9,-7160.18
28,2017-03-29,0,2,0,0,532476.46,-281163.2899999999,813639.75,251313.17000000004,368.78999999999996,-517.8700000000005,18749.089999999993,1018231.22,18,9,-7160.18
29,2017-03-30,1,2,1,3,500442.38,-219685.67999999993,720128.06,280756.70000000007,642.5699999999999,-2446.7,19391.659999999996,1016944.9600000001,17,7,-7160.18
30,2017-03-31,0,2,3,1,438149.91,-280536.1599999999,718686.0700000001,157613.75000000006,3147.62,-2734.85,22539.28,1019804.43,15,9,-7160.18
31,2017-04-03,1,2,2,1,407089.91,-311130.25999999995,718220.17,95959.65000000002,1573.1599999999999,-2272.2999999999997,24112.44,1021840.1399999999,14,10,-7160.18
32,2017-04-04,0,1,3,3,373866.44,-313682.19999999995,687548.64,60184.24000000005,5684.68,-4282.570000000001,29797.12,1025514.55,13,10,-7160.18
33,2017-04-05,4,1,0,2,463084.64,-256038.71999999994,719123.3600000001,207045.92000000007,3217.56,-6397.16,33014.68,1026617.52,16,8,-7160.18
34,2017-04-06,1,1,0,1,462805.58,-225942.27999999994,688747.8600000002,236863.30000000008,149.06,-4426.04,33163.74,1028737.7,16,7,-7160.18
35,2017-04-07,1,2,3,1,431972.49,-286672.27999999997,718644.7700000004,145300.21000000002,1531.48,-5580.969999999999,34695.22,1029114.25,15,9,-7160.18
36,2017-04-10,0,1,2,2,401187.45,-286783.0,687970.4500000004,114404.45000000001,893.8499999999999,-5325.349999999999,35589.07,1030263.72,14,9,-7160.18
37,2017-04-11,1,0,2,0,431233.61,-346760.51999999996,777994.1300000005,84473.09000000003,0.0,-4621.0199999999995,35589.07,1030968.0499999999,15,11,-7160.18
38,2017-04-12,0,3,2,0,340038.81,-406834.93999999994,746873.7500000006,-66796.12999999995,1088.2,-4717.54,36677.270000000004,1031959.73,12,13,-7160.18
39,2017-04-13,2,0,1,4,400016.41000000003,-319251.92999999993,719268.3400000007,80764.4800000001,2517.63,-5381.009999999999,39194.90000000001,1033813.89,14,10,-7160.18
40,2017-04-17,1,1,2,2,400092.42000000004,-319516.9499999999,719609.3700000006,80575.47000000015,219.45999999999998,-5100.85,39414.36000000001,1034313.51,14,10,-7160.18
41,2017-04-18,0,0,0,3,400092.42000000004,-232018.23999999987,632110.6600000006,168074.18000000017,2534.34,-6985.890000000001,41948.70000000001,1034962.8099999999,14,7,-7160.18
42,2017-04-19,4,2,2,1,457843.7100000001,-262912.85999999987,720756.5700000006,194930.8500000002,3134.8999999999996,-7863.200000000001,45083.60000000001,1037220.4,16,8,-7863.200000000001
43,2017-04-20,1,4,2,0,366035.3600000001,-322889.84999999986,688925.2100000007,43145.51000000024,1768.3000000000002,-6830.869999999999,46851.90000000001,1040021.03,13,10,-7863.200000000001
44,2017-04-21,1,1,1,2,365637.9200000001,-292988.14999999985,658626.0700000006,72649.77000000025,373.96000000000004,-5945.01,47225.860000000015,1041280.85,13,9,-7863.200000000001
45,2017-04-24,0,1,3,2,334275.2200000001,-323447.5199999999,657722.7400000006,10827.700000000186,1924.42,-7862.15,49150.28000000001,1041288.13,12,10,-7863.200000000001
46,2017-04-25,1,0,2,1,364268.4200000001,-353592.4199999999,717860.8400000005,10676.000000000175,139.49,-6753.100000000001,49289.77000000001,1042536.67,13,11,-7863.200000000001
47,2017-04-26,4,1,0,0,452412.80000000005,-353592.4199999999,806005.2200000007,98820.38000000012,1928.74,171.03000000000065,51218.51000000001,1051389.54,16,11,-7863.200000000001
48,2017-04-27,0,5,2,2,300791.74000000005,-355171.17,655962.9100000006,-54379.429999999935,3207.7,-3735.9599999999996,54426.21,1050690.25,11,11,-7863.200000000001
49,2017-04-28,1,2,3,2,269893.24000000005,-386314.4199999999,656207.6600000006,-116421.17999999988,1952.57,-3041.8600000000006,56378.78,1053336.92,10,12,-7863.200000000001
50,2017-05-01,2,0,4,1,329827.6600000001,-476776.8099999999,806604.4700000006,-146949.1499999998,489.72,-3697.9699999999993,56868.5,1053170.53,12,15,-7863.200000000001
51,2017-05-02,0,0,1,0,329827.6600000001,-506777.8099999999,836605.4700000006,-176950.1499999998,0.0,-4826.610000000001,56868.5,1052041.89,12,16,-7863.200000000001
52,2017-05-03,0,2,0,0,270286.6700000001,-506777.8099999999,777064.4800000006,-236491.13999999978,-443.8499999999999,6758.16,56424.65,1063182.8099999998,10,16,-7863.200000000001
53,2017-05-04,1,1,1,4,269441.4200000001,-421370.3899999999,690811.8100000006,-151928.9699999998,5571.81,-1079.3,61996.46000000001,1060917.16,10,13,-7863.200000000001
54,2017-05-05,0,1,4,0,238033.8700000001,-541367.3799999999,779401.2500000006,-303333.5099999998,1414.35,-487.5699999999997,63410.810000000005,1062923.24,9,17,-7863.200000000001
55,2017-05-08,0,0,0,3,238033.8700000001,-461081.5799999999,699115.4500000005,-223047.7099999998,9591.08,-4849.37,73001.89000000001,1068152.52,9,14,-7863.200000000001
56,2017-05-09,3,0,1,1,328096.7700000001,-460518.1899999999,788614.9600000005,-132421.4199999998,-587.72,-5817.2699999999995,72414.17000000001,1066596.9,12,14,-7863.200000000001
57,2017-05-10,0,3,2,1,236727.31000000006,-491070.57999999984,727797.8900000006,-254343.2699999998,1962.6299999999999,-6962.92,74376.8,1067413.8800000001,9,15,-7863.200000000001
58,2017-05-11,1,1,2,1,236761.79000000004,-523392.4399999998,760154.2300000006,-286630.6499999998,2429.88,-7493.53,76806.68000000001,1069313.15,9,16,-7863.200000000001
59,2017-05-12,1,1,0,2,235937.29000000007,-464891.6899999998,700828.9800000006,-228954.39999999976,2256.51,-7282.24,79063.19000000002,1071780.95,9,14,-7863.200000000001
60,2017-05-15,2,1,3,2,267270.32000000007,-494765.9399999998,762036.2600000004,-227495.61999999976,-1653.0,-5168.930000000001,77410.19000000002,1072241.26,10,15,-7863.200000000001
61,2017-05-16,1,1,4,0,266376.5600000001,-614728.5599999998,881105.1200000003,-348351.9999999997,864.3,-1982.040000000001,78274.49000000002,1076292.45,10,19,-7863.200000000001
62,2017-05-17,1,1,0,4,267237.14000000013,-498511.18999999977,765748.3300000002,-231274.04999999964,3009.0,-4025.9399999999996,81283.49,1077257.55,10,15,-7863.200000000001
63,2017-05-18,0,1,0,6,236956.34000000014,-324973.4299999998,561929.77,-88017.08999999968,6657.620000000001,-6331.819999999999,87941.11,1081609.29,9,9,-7863.200000000001
64,2017-05-19,5,0,1,1,386871.0200000001,-322053.1199999998,708924.14,64817.900000000256,-2942.59,-3206.9100000000003,84998.52,1081791.61,14,9,-7863.200000000001
65,2017-05-22,2,2,1,2,386050.8100000001,-289393.2199999998,675444.0299999999,96657.59000000032,-1888.4199999999998,57.32000000000062,83110.09999999999,1083167.4200000002,14,8,-7863.200000000001
66,2017-05-23,1,2,2,0,354452.41000000015,-349395.4199999998,703847.8299999998,5056.99000000034,1642.0500000000002,-1268.6899999999996,84752.15,1083483.46,13,10,-7863.200000000001
67,2017-05-24,0,1,1,1,323855.7600000001,-349553.2999999998,673409.0599999998,-25697.539999999688,768.0899999999999,-347.7999999999995,85520.23999999999,1085172.44,12,10,-7863.200000000001
68,2017-05-25,0,1,3,1,293440.4400000001,-408569.1999999998,702009.6399999999,-115128.75999999966,-484.54999999999995,-878.8999999999994,85035.68999999999,1084156.79,11,12,-7863.200000000001
69,2017-05-26,2,0,1,1,353423.28000000014,-411000.17999999976,764423.4599999998,-57576.899999999616,2443.07,-4989.73,87478.76,1082489.03,13,12,-7863.200000000001
70,2017-05-30,1,2,1,0,327037.5000000001,-440999.3799999998,768036.8799999998,-113961.87999999966,-3550.57,-3795.8700000000003,83928.18999999999,1080132.3199999998,12,13,-7863.200000000001
71,2017-05-31,3,1,0,5,386786.6700000001,-291937.0499999998,678723.72,94849.62000000029,1286.23,-3197.8499999999995,85214.41999999998,1082016.5699999998,14,8,-7863.200000000001
72,2017-06-01,2,2,4,0,386150.2700000001,-412031.2899999998,798181.56,-25881.019999999728,656.49,-3950.3,85870.90999999999,1081920.6099999999,14,12,-7863.200000000001
73,2017-06-02,0,0,1,2,386150.2700000001,-377953.8099999998,764104.0800000001,8196.460000000254,-4028.16,-3564.65,81842.75,1078278.1,14,11,-7863.200000000001
74,2017-06-05,2,2,0,1,385552.47000000003,-348754.9299999998,734307.4000000001,36797.54000000021,1389.8000000000002,-2769.36,83232.54999999999,1080463.19,14,10,-7863.200000000001
75,2017-06-06,2,0,1,0,445566.59,-378758.12999999983,824324.7200000001,66808.4600000002,0.0,1333.0599999999988,83232.54999999999,1084565.61,16,11,-7863.200000000001
76,2017-06-07,0,2,0,1,386211.28,-348724.1699999998,734935.4500000001,37487.11000000022,-611.5,312.0600000000003,82621.04999999999,1082933.11,14,10,-7863.200000000001
77,2017-06-08,1,0,2,4,416235.7,-291057.7899999998,707293.4900000001,125177.9100000002,2301.84,3519.6800000000003,84922.89,1088442.5699999998,15,8,-7863.200000000001
78,2017-06-09,1,0,1,0,446189.14,-320961.1499999998,767150.29,125227.99000000022,0.0,2570.1899999999996,84922.89,1087493.0799999998,16,9,-7863.200000000001
79,2017-06-12,0,3,1,1,354842.06,-321158.24999999977,676000.3100000002,33683.81000000023,1497.02,5267.029999999999,86419.91,1091686.94,13,9,-7863.200000000001
80,2017-06-13,2,0,3,0,414782.67,-411117.78999999975,825900.4600000001,3664.8800000002375,0.0,-298.71000000000004,86419.91,1086121.2,15,12,-7863.200000000001
81,2017-06-14,0,3,0,2,319218.27999999997,-351355.36999999976,670573.65,-32137.089999999793,5924.87,397.9100000000002,92344.78,1092742.69,12,10,-7863.200000000001
82,2017-06-15,1,0,2,3,349161.95999999996,-322922.85999999975,672084.82,26239.10000000021,1573.75,-113.61000000000013,93918.53,1093804.92,13,9,-7863.200000000001
83,2017-06-16,3,0,0,1,439098.24,-293260.59999999974,732358.84,145837.64000000025,304.44,936.4300000000003,94222.97,1095159.4,16,8,-7863.200000000001
84,2017-06-19,0,2,4,0,379705.07999999996,-413301.93999999977,793007.02,-33596.85999999981,-597.84,4163.49,93625.13,1097788.6199999999,14,12,-7863.200000000001
85,2017-06-20,0,1,2,1,350412.77999999997,-443963.85999999975,794376.64,-93551.07999999978,-38.01999999999998,2337.68,93587.11,1095924.79,13,13,-7863.200000000001
86,2017-06-21,0,0,1,2,350412.77999999997,-415497.3899999998,765910.1699999999,-65084.60999999981,1524.4099999999999,2645.0599999999995,95111.51999999999,1097756.58,13,12,-7863.200000000001
87,2017-06-22,1,0,0,1,380422.37,-388414.7899999998,768837.1599999999,-7992.419999999809,2914.6,2904.0300000000007,98026.12,1100930.1500000001,14,11,-7863.200000000001
88,2017-06-23,3,0,1,1,470418.55,-389158.2699999998,859576.82,81260.2800000002,643.89,4988.77,98670.01,1103658.78,17,11,-7863.200000000001
89,2017-06-26,1,0,1,1,500428.88,-388659.9999999998,889088.8799999999,111768.88000000018,-407.02,3947.4300000000007,98262.98999999999,1102210.42,18,11,-7863.200000000001
90,2017-06-27,1,0,0,3,530426.38,-298648.11999999976,829074.4999999999,231778.26000000024,50.84000000000003,7957.360000000001,98313.82999999999,1106271.1900000002,19,8,-7863.200000000001
91,2017-06-28,0,3,0,1,440296.11000000004,-269528.11999999976,709824.2299999997,170767.99000000028,968.4199999999997,6398.349999999999,99282.25,1105680.6,16,7,-7863.200000000001
92,2017-06-29,3,2,0,1,472396.69,-240884.95999999976,713281.6499999999,231511.73000000024,-754.9,7474.49,98527.35,1106001.84,17,6,-7863.200000000001
93,2017-06-30,1,0,2,0,502372.0,-300868.3999999998,803240.4,201503.6000000002,0.0,8334.220000000001,98527.35,1106861.57,18,8,-7863.200000000001
94,2017-07-03,1,3,0,0,440517.1,-300868.3999999998,741385.5,139648.7000000002,1729.94,8812.83,100257.29000000001,1109070.12,16,8,-7863.200000000001
95,2017-07-05,0,3,2,0,347015.29999999993,-360914.9599999998,707930.26,-13899.659999999858,3532.57,3336.1900000000005,103789.86,1107126.05,13,10,-7863.200000000001
96,2017-07-06,5,0,2,2,496898.93999999994,-362015.11999999976,858914.0600000002,134883.82000000018,1128.26,6258.120000000001,104918.12,1111176.2400000002,18,10,-7863.200000000001
97,2017-07-07,0,1,1,2,466460.83999999997,-332406.77999999974,798867.6200000002,134054.06000000023,941.4,4019.7599999999993,105859.51999999999,1109879.28,17,9,-7863.200000000001
98,2017-07-10,1,2,1,0,434766.18999999994,-362325.1299999997,797091.3200000003,72441.06000000023,1700.0,7243.290000000001,107559.51999999999,1114802.81,16,10,-7863.200000000001
99,2017-07-11,0,0,0,1,434766.18999999994,-332692.7299999997,767458.9200000003,102073.46000000025,285.95,3592.8599999999997,107845.46999999999,1111438.33,16,9,-7863.200000000001
100,2017-07-12,0,1,1,1,405653.9799999999,-331965.07999999967,737619.0600000003,73688.90000000026,-1622.0700000000002,2929.42,106223.4,1109152.8199999998,15,9,-7863.200000000001
101,2017-07-13,2,0,1,1,465639.37999999995,-332047.93999999965,797687.3200000003,133591.4400000003,127.71,7735.259999999998,106351.11,1114086.37,17,9,-7863.200000000001
102,2017-07-14,1,1,0,1,464517.68999999994,-302017.93999999965,766535.6300000002,162499.7500000003,1067.4,5523.540000000001,107418.51,1112942.05,17,8,-7863.200000000001
103,2017-07-17,0,1,1,0,433529.63999999996,-331987.93999999965,765517.5800000002,101541.7000000003,1043.31,6927.95,108461.81999999999,1115389.77,16,9,-7863.200000000001
104,2017-07-18,2,1,0,0,460068.47,-331987.93999999965,792056.4100000003,128080.53000000032,3424.96,9531.43,111886.78,1121418.21,17,9,-7863.200000000001
105,2017-07-19,1,3,2,0,396792.7199999999,-391962.9099999997,788755.6300000002,4829.8100000002305,3283.58,8771.17,115170.36,1123941.53,15,11,-7863.200000000001
106,2017-07-20,0,2,2,1,336442.0399999999,-422827.4399999997,759269.4800000003,-86385.39999999979,1290.14,6775.209999999999,116460.5,1123235.71,13,12,-7863.200000000001
107,2017-07-21,0,1,2,0,305590.93999999994,-482808.8299999997,788399.7700000004,-177217.88999999978,883.95,3035.9800000000005,117344.45,1120380.43,12,14,-7863.200000000001
108,2017-07-24,2,1,1,3,334882.94999999995,-421075.8799999997,755958.8300000003,-86192.92999999976,-1113.96,4525.92,116230.48999999999,1120756.41,13,12,-7863.200000000001
109,2017-07-25,2,0,2,0,394924.17,-481070.1999999997,875994.3700000003,-86146.02999999974,0.0,5863.4400000000005,116230.48999999999,1122093.93,15,14,-7863.200000000001
110,2017-07-26,0,0,0,0,394924.17,-481070.1999999997,875994.3700000003,-86146.02999999974,0.0,7900.090000000001,116230.48999999999,1124130.58,15,14,-7863.200000000001
111,2017-07-27,1,1,0,0,395038.22,-481070.1999999997,876108.4200000004,-86031.97999999975,-150.62,7850.690000000001,116079.87,1123930.56,15,14,-7863.200000000001
112,2017-07-28,0,1,0,3,363394.79,-391339.98999999976,754734.7800000003,-27945.19999999978,1895.5,627.9299999999994,117975.37000000001,1118603.3,14,11,-7863.200000000001
113,2017-07-31,1,1,1,2,358922.42,-363911.64999999973,722834.0700000003,-4989.2299999997485,6954.82,1718.1000000000004,124930.19,1126648.29,14,10,-7863.200000000001
114,2017-08-01,1,2,2,2,327951.26999999996,-363639.16999999975,691590.4400000003,-35687.89999999979,702.22,3601.0299999999997,125632.41,1129233.44,13,10,-7863.200000000001
115,2017-08-02,1,3,2,0,268609.71,-423637.96999999974,692247.6800000004,-155028.25999999972,-603.5699999999999,3100.4500000000007,125028.84000000001,1128129.29,11,12,-7863.200000000001
116,2017-08-03,1,1,3,2,268323.24,-454482.14999999973,722805.3900000004,-186158.90999999974,1097.73,3845.3100000000013,126126.57000000002,1129971.8800000001,11,13,-7863.200000000001
117,2017-08-04,0,1,3,4,237676.8,-427742.6799999997,665419.4800000003,-190065.8799999997,3947.11,2518.85,130073.68000000002,1132592.53,10,12,-7863.200000000001
118,2017-08-07,3,1,4,0,298523.91000000003,-547807.6899999997,846331.6000000004,-249283.77999999968,-823.65,17981.07,129250.03000000003,1147231.1,12,16,-7863.200000000001
119,2017-08-08,0,1,1,0,269435.91000000003,-577859.1399999997,847295.0500000004,-308423.22999999963,-901.44,13801.15,128348.59000000003,1142149.74,11,17,-7863.200000000001
120,2017-08-09,0,2,1,2,204744.77000000005,-549158.1799999997,753902.9500000004,-344413.4099999997,5999.979999999999,16435.889999999996,134348.57,1150784.46,9,16,-7863.200000000001
121,2017-08-10,2,0,2,4,264720.75000000006,-494636.2299999998,759356.9800000004,-229915.47999999975,5553.38,11321.879999999997,139901.95000000004,1151223.8299999998,11,14,-7863.200000000001
122,2017-08-11,1,1,0,3,264089.10000000003,-407301.6099999998,671390.7100000004,-143212.50999999978,3301.21,8359.380000000001,143203.16000000003,1151562.54,11,11,-7863.200000000001
123,2017-08-14,2,1,1,0,294017.51000000007,-437358.2499999998,731375.7600000004,-143340.73999999976,88.62,3006.41,143291.78000000003,1146298.19,12,12,-7863.200000000001
124,2017-08-15,1,0,0,1,324021.26000000007,-407020.44999999984,731041.7100000003,-82999.18999999977,-356.95,4749.53,142934.83000000002,1147684.36,13,11,-7863.200000000001
125,2017-08-16,1,6,3,1,174443.70000000007,-466498.8699999999,640942.5700000004,-292055.1699999998,-832.6600000000002,2331.6399999999994,142102.16999999998,1144433.8099999998,8,13,-7863.200000000001
126,2017-08-17,2,0,3,1,234394.6000000001,-529203.4999999999,763598.1000000003,-294808.8999999998,2719.2,31.4200000000003,144821.37,1144852.79,10,15,-7863.200000000001
127,2017-08-18,1,0,1,3,264395.20000000007,-471382.57999999996,735777.7800000003,-206987.3799999999,2122.32,-3862.1099999999997,146943.69,1143081.5799999998,11,13,-7863.200000000001
128,2017-08-21,2,0,0,2,324386.4000000001,-414796.8599999999,739183.2600000002,-90410.45999999985,3432.84,-3639.8499999999985,150376.53,1146736.68,13,11,-7863.200000000001
129,2017-08-22,0,0,3,0,324386.4000000001,-504751.94999999995,829138.3500000002,-180365.54999999987,0.0,-3350.1300000000015,150376.53,1147026.4000000001,13,14,-7863.200000000001
130,2017-08-23,2,0,0,0,384359.8800000001,-504751.94999999995,889111.8300000002,-120392.06999999983,0.0,-1587.9400000000003,150376.53,1148788.59,15,14,-7863.200000000001
131,2017-08-24,0,0,0,1,384359.8800000001,-476686.8599999999,861046.7400000002,-92326.9799999998,1941.61,-1416.5300000000002,152318.13999999998,1150901.6099999999,15,13,-7863.200000000001
132,2017-08-25,0,1,0,1,354231.8800000001,-449115.7199999999,803347.6000000002,-94883.8399999998,2627.03,4457.299999999999,154945.16999999998,1159402.47,14,12,-7863.200000000001
133,2017-08-28,1,0,1,1,384221.1800000001,-449677.54999999993,833898.7300000002,-65456.36999999982,533.46,-5401.109999999998,155478.62999999998,1150077.5199999998,15,12,-7863.200000000001
134,2017-08-29,1,1,1,1,387436.7600000001,-450566.70999999996,838003.4700000002,-63129.94999999984,-2263.92,-1366.0100000000002,153214.71,1151848.7,15,12,-7863.200000000001
135,2017-08-30,1,1,0,2,386855.3600000001,-387200.20999999996,774055.5700000002,-344.8499999998603,-2808.3199999999997,9267.58,150406.38999999998,1159673.97,15,10,-7863.200000000001
136,2017-08-31,1,3,0,3,324383.65,-296282.42999999993,620666.0800000002,28101.22000000009,1522.3799999999999,8310.93,151928.77,1160239.7,13,7,-7863.200000000001
137,2017-09-01,0,2,4,0,263025.13,-416304.92999999993,679330.0600000002,-153279.79999999993,1361.08,355.40000000000055,153289.84999999998,1153645.25,11,11,-7863.200000000001
138,2017-09-05,2,1,1,3,296345.39999999997,-353909.4899999999,650254.8900000002,-57564.08999999991,-5650.05,3160.3800000000006,147639.8,1150800.18,12,9,-7863.200000000001
139,2017-09-06,0,1,1,2,264520.23,-323767.6899999999,588287.9200000002,-59247.459999999905,1669.48,550.0200000000007,149309.27999999997,1149859.3,11,8,-7863.200000000001
140,2017-09-07,3,1,0,1,323851.51,-293775.1899999999,617626.7000000002,30076.320000000123,667.8,3239.0500000000006,149977.07999999996,1153216.1300000001,13,7,-7863.200000000001
141,2017-09-08,3,0,3,0,413904.69,-383705.7399999999,797610.4300000003,30198.950000000128,0.0,17054.690000000006,149977.07999999996,1167031.77,16,10,-7863.200000000001
142,2017-09-11,0,0,0,3,413904.69,-296545.1299999999,710449.8200000003,117359.56000000011,2831.62,11929.500000000002,152808.69999999995,1164738.2,16,7,-7863.200000000001
143,2017-09-12,1,3,1,1,352606.09,-296115.21999999986,648721.3100000002,56490.87000000017,792.8799999999999,9644.039999999999,153601.57999999996,1163245.62,14,7,-7863.200000000001
144,2017-09-13,2,1,2,0,382095.24,-356084.5799999999,738179.8200000002,26010.66000000009,548.64,22214.989999999998,154150.21999999997,1176365.21,15,9,-7863.200000000001
145,2017-09-14,1,0,2,2,412082.26,-356988.8599999999,769071.1200000002,55093.40000000008,836.8599999999999,16070.750000000002,154987.08,1171057.83,16,9,-7863.200000000001
146,2017-09-15,1,2,2,0,381272.12,-417003.79999999993,798275.9200000004,-35731.679999999935,723.64,7670.91,155710.72,1163381.63,15,11,-7863.200000000001
147,2017-09-18,1,1,0,1,378646.43,-389927.6599999999,768574.0900000003,-11281.229999999923,5612.49,20360.01,161323.21,1181683.22,15,10,-7863.200000000001
148,2017-09-19,1,0,2,4,408647.51,-335296.4199999999,743943.9300000002,73351.09000000008,5310.46,7303.579999999999,166633.67,1173937.25,16,8,-7863.200000000001
149,2017-09-20,0,2,3,1,343758.79000000004,-395143.5199999999,738902.3100000002,-51384.729999999865,4794.300000000001,3104.78,171427.97000000003,1174532.75,14,10,-7863.200000000001
150,2017-09-21,3,1,0,0,402756.53,-395143.5199999999,797900.0500000003,7613.010000000126,1057.35,15795.829999999998,172485.32000000004,1188281.1500000001,16,10,-7863.200000000001
151,2017-09-22,1,0,1,0,432743.55000000005,-425156.2799999999,857899.8300000003,7587.270000000135,0.0,7262.080000000002,172485.32000000004,1179747.4000000001,17,11,-7863.200000000001
152,2017-09-25,0,4,1,3,311515.53,-363527.9299999999,675043.4600000003,-52012.39999999985,-466.16999999999973,18482.6,172019.15000000002,1190501.75,13,9,-7863.200000000001
153,2017-09-26,4,0,1,2,431385.39,-334464.9499999999,765850.3400000002,96920.44000000012,1015.78,21879.049999999996,173034.93000000002,1194913.98,17,8,-7863.200000000001
154,2017-09-27,1,5,1,1,301816.03,-331622.7899999999,633438.8200000002,-29806.759999999893,6768.17,2661.91,179803.10000000006,1182465.01,13,8,-7863.200000000001
155,2017-09-28,4,1,0,3,390976.23000000004,-240753.86999999994,631730.1000000003,150222.3600000001,-101.86000000000004,16751.09,179701.24000000008,1196452.33,16,5,-7863.200000000001
156,2017-09-29,2,2,2,0,389796.89,-300716.4199999999,690513.3100000003,89080.47000000009,1141.8,21378.02,180843.04000000007,1202221.06,16,7,-7863.200000000001
157,2017-10-02,2,2,2,1,389207.25,-330861.0799999999,720068.3300000002,58346.1700000001,785.94,7606.78,181628.98000000007,1189235.76,16,8,-7863.200000000001
158,2017-10-03,0,1,0,1,359564.85,-301995.3099999999,661560.1600000001,57569.540000000095,834.9099999999999,18389.63,182463.89000000007,1200853.52,15,7,-7863.200000000001
159,2017-10-04,4,1,1,0,448128.24999999994,-332003.2099999999,780131.4600000002,116125.04000000004,1499.1,6200.530000000001,183962.99000000008,1190163.52,18,8,-7863.200000000001
160,2017-10-05,0,3,1,1,356657.3099999999,-333001.7299999999,689659.0400000003,23655.579999999958,2454.3,4472.6,186417.29000000007,1190889.8900000001,15,8,-7863.200000000001
161,2017-10-06,0,1,2,2,327193.46999999986,-333181.70999999996,660375.1800000004,-5988.240000000107,-333.48999999999995,4715.67,186083.80000000005,1190799.47,14,8,-7863.200000000001
162,2017-10-09,0,1,1,1,296450.89999999985,-336071.12999999995,632522.0300000004,-39620.2300000001,3652.0,16792.11,189735.80000000005,1206527.9100000001,13,8,-7863.200000000001
163,2017-10-10,3,1,0,1,355183.9999999999,-306999.3599999999,662183.3600000003,48184.639999999956,2215.9,7255.500000000001,191951.70000000004,1199207.2,15,7,-7863.200000000001
164,2017-10-11,0,0,3,0,355183.9999999999,-396990.5899999999,752174.5900000004,-41806.590000000026,0.0,17604.980000000003,191951.70000000004,1209556.68,15,10,-7863.200000000001
165,2017-10-12,0,0,0,0,355183.9999999999,-396990.5899999999,752174.5900000004,-41806.590000000026,0.0,8405.66,191951.70000000004,1200357.3599999999,15,10,-7863.200000000001
166,2017-10-13,0,0,0,0,355183.9999999999,-396990.5899999999,752174.5900000004,-41806.590000000026,0.0,17863.190000000002,191951.70000000004,1209814.89,15,10,-7863.200000000001
167,2017-10-16,1,0,2,1,385110.6499999999,-427472.7999999999,812583.4500000004,-42362.149999999965,368.28,18374.050000000003,192319.98000000004,1210694.03,16,11,-7863.200000000001
168,2017-10-17,0,1,0,2,353654.9499999999,-368791.2599999999,722446.2100000005,-15136.309999999998,2838.76,21808.089999999997,195158.74000000005,1216966.83,15,9,-7863.200000000001
169,2017-10-18,5,1,0,0,471786.53999999986,-368791.2599999999,840577.8000000005,102995.27999999997,1930.0,2639.23,197088.74000000005,1199727.97,19,9,-7863.200000000001
170,2017-10-19,0,0,0,3,471786.53999999986,-279805.9199999999,751592.4600000004,191980.61999999994,1052.54,23211.770000000004,198141.28000000006,1221353.05,19,6,-7863.200000000001
171,2017-10-20,0,4,1,1,335062.8599999998,-277934.3299999999,612997.1900000004,57128.52999999991,14757.6,6041.529999999998,212898.88000000006,1218940.4100000001,15,6,-7863.200000000001
172,2017-10-23,4,1,2,0,423735.3099999998,-337891.3699999999,761626.6800000004,85843.93999999994,1265.89,4895.11,214164.77000000008,1219059.8800000001,18,8,-7863.200000000001
173,2017-10-24,0,2,1,0,362190.57999999984,-367836.8699999999,730027.4500000003,-5646.290000000037,1547.8200000000002,5690.5,215712.59000000008,1221403.09,16,9,-7863.200000000001
174,2017-10-25,1,1,1,1,360956.9899999999,-367958.4099999999,728915.4000000003,-7001.420000000042,1333.88,6840.299999999999,217046.4700000001,1223886.7700000003,16,9,-7863.200000000001
175,2017-10-26,0,1,1,0,330446.78999999986,-397970.2599999999,728417.0500000003,-67523.47000000003,523.18,6167.3099999999995,217569.65000000008,1223736.9600000002,15,10,-7863.200000000001
176,2017-10-27,1,2,0,3,298133.7399999998,-310294.9599999999,608428.7000000002,-12161.220000000088,4690.11,4919.7699999999995,222259.76000000007,1227179.53,14,7,-7863.200000000001
177,2017-10-30,2,2,1,0,299736.34999999986,-340295.8399999999,640032.1900000002,-40559.49000000005,-1623.12,6131.990000000001,220636.64000000007,1226768.6300000001,14,8,-7863.200000000001
178,2017-10-31,0,2,3,0,238230.34999999983,-430332.0799999999,668562.4300000003,-192101.73000000007,1514.8799999999999,6081.8,222151.52000000008,1228233.32,12,11,-7863.200000000001
179,2017-11-01,1,0,1,2,268229.44999999984,-398963.31999999995,667192.7700000003,-130733.87000000011,-1422.58,7497.000000000002,220728.9400000001,1228225.9400000002,13,10,-7863.200000000001
180,2017-11-02,2,3,2,2,238735.11999999985,-398528.74999999994,637263.8700000003,-159793.6300000001,-934.1599999999999,4268.48,219794.78000000006,1224063.26,12,10,-7863.200000000001
181,2017-11-03,2,2,2,3,237797.11999999988,-367670.6499999999,605467.7700000005,-129873.53000000003,137.90999999999985,6949.81,219932.69000000006,1226882.5,12,9,-7863.200000000001
182,2017-11-06,1,1,1,1,235874.36999999988,-367989.3799999999,603863.7500000005,-132115.01,2240.66,6284.13,222173.35000000006,1228457.48,12,9,-7863.200000000001
183,2017-11-07,1,1,1,0,232467.76999999987,-397983.3799999999,630451.1500000005,-165515.61000000002,3407.7,2287.46,225581.05000000008,1227868.51,12,10,-7863.200000000001
184,2017-11-08,1,0,0,1,262449.10999999987,-367983.3799999999,630432.4900000005,-105534.27000000002,-6.0,3439.1800000000007,225575.05000000008,1229014.23,13,9,-7863.200000000001
185,2017-11-09,1,2,2,0,231037.99999999985,-427930.8999999999,658968.9000000004,-196892.90000000005,1420.25,5382.400000000001,226995.30000000008,1232377.7,12,11,-7863.200000000001
186,2017-11-10,0,0,2,2,231037.99999999985,-430571.4199999999,661609.4200000004,-199533.42000000007,2628.54,4691.799999999998,229623.84000000008,1234315.6400000001,12,11,-7863.200000000001
187,2017-11-13,3,0,0,0,321162.39999999985,-430571.4199999999,751733.8200000003,-109409.02000000008,0.0,6137.1,229623.84000000008,1235760.9400000002,15,11,-7863.200000000001
188,2017-11-14,2,2,0,2,320663.02999999985,-373256.1699999999,693919.2000000003,-52593.14000000007,3152.0699999999997,3837.24,232775.91000000006,1236613.1500000001,15,9,-7863.200000000001
189,2017-11-15,1,0,0,4,350679.10999999987,-259808.54999999993,610487.6600000003,90870.55999999994,6506.89,-1068.4599999999998,239282.80000000005,1238214.34,16,5,-7863.200000000001
190,2017-11-16,1,0,4,1,380643.70999999985,-351317.0799999999,731960.7900000003,29326.629999999946,1602.0,44.87000000000012,240884.80000000005,1240929.6700000002,17,8,-7863.200000000001
191,2017-11-17,1,2,2,0,349751.8199999998,-411342.0799999999,761093.9000000003,-61590.260000000126,881.49,5276.69,241766.29000000007,1247042.98,16,10,-7863.200000000001
192,2017-11-20,1,0,0,2,379748.4599999998,-351810.10999999987,731558.5700000003,27938.34999999992,404.35,7054.24,242170.64000000007,1249224.8800000001,17,8,-7863.200000000001
193,2017-11-21,2,2,0,0,376919.30999999976,-351810.10999999987,728729.4200000004,25109.199999999895,2801.2799999999997,7595.1,244971.92000000007,1252567.0200000003,17,8,-7863.200000000001
194,2017-11-22,2,1,0,0,406138.27999999974,-351810.10999999987,757948.3900000005,54328.16999999987,689.31,7077.72,245661.23000000007,1252738.95,18,8,-7863.200000000001
195,2017-11-24,0,0,0,0,406138.27999999974,-351810.10999999987,757948.3900000005,54328.16999999987,0.0,6089.81,245661.23000000007,1251751.04,18,8,-7863.200000000001
196,2017-11-27,2,0,0,2,466165.35999999975,-291862.66999999987,758028.0300000005,174302.6899999999,18.839999999999918,5991.259999999999,245680.0700000001,1251671.33,20,6,-7863.200000000001
197,2017-11-28,2,0,0,2,526204.3599999998,-232978.27999999985,759182.6400000006,293226.0799999999,1140.6100000000001,5599.21,246820.68000000008,1252419.8900000001,22,4,-7863.200000000001
198,2017-11-29,0,3,0,0,430084.86999999976,-232978.27999999985,663063.1500000005,197106.5899999999,6137.43,10079.34,252958.11000000007,1263037.4500000002,19,4,-7863.200000000001
199,2017-11-30,2,6,3,0,306363.9499999998,-322984.2499999998,629348.2000000008,-16620.300000000047,3796.18,2773.61,256754.2900000001,1259527.9000000001,15,7,-7863.200000000001
200,2017-12-01,2,2,2,2,303295.86999999976,-322443.89999999985,625739.7700000007,-19148.030000000086,3227.2799999999997,12413.329999999998,259981.57000000012,1272394.9000000001,15,7,-7863.200000000001
201,2017-12-04,1,7,0,1,112973.75999999979,-291658.85999999987,404632.6200000007,-178685.1000000001,9456.72,5674.07,269438.29000000015,1275112.36,9,6,-7863.200000000001
202,2017-12-05,3,2,2,0,144506.1299999998,-351690.46999999986,496196.6000000007,-207184.34000000005,-1512.62,6630.09,267925.67000000016,1274555.7600000002,10,8,-7863.200000000001
203,2017-12-06,2,2,1,3,143972.7799999998,-293980.0499999998,437952.8300000006,-150007.27000000002,2901.15,7798.39,270826.8200000002,1278625.2100000002,10,6,-7863.200000000001
204,2017-12-07,4,1,1,0,229509.8199999998,-323999.4899999998,553509.3100000006,-94489.67000000001,4438.84,11020.710000000003,275265.6600000002,1286286.37,13,7,-7863.200000000001
205,2017-12-08,1,4,2,2,132692.3399999998,-323466.75999999983,456159.10000000073,-190774.42000000004,7571.83,5307.6,282837.4900000002,1288145.0900000003,10,7,-7863.200000000001
206,2017-12-11,2,0,2,0,192751.6299999998,-383392.2399999998,576143.8700000007,-190640.61000000002,0.0,3610.1699999999996,282837.4900000002,1286447.6600000001,12,9,-7863.200000000001
207,2017-12-12,2,1,1,1,222504.6899999998,-383327.71999999986,605832.4100000006,-160823.03000000006,132.54000000000002,4635.250000000001,282970.03000000026,1287605.2800000003,13,9,-7863.200000000001
208,2017-12-13,2,6,2,0,99870.57999999978,-443325.5499999999,543196.1300000005,-343454.9700000001,1925.0600000000004,1521.4699999999998,284895.0900000002,1286416.5600000003,9,11,-7863.200000000001
209,2017-12-14,4,1,0,1,189846.88999999978,-413032.90999999986,602879.8000000004,-223186.02000000008,-369.37,-483.69000000000017,284525.7200000002,1284042.0300000003,12,10,-7863.200000000001
210,2017-12-15,1,4,0,3,99400.24999999977,-325163.3299999999,424563.5800000004,-225763.08000000013,3444.1499999999996,4011.57,287969.8700000002,1291981.4400000002,9,7,-7863.200000000001
211,2017-12-18,2,4,2,0,36574.719999999776,-385078.1099999999,421652.8300000005,-348503.39000000013,2806.1800000000003,2205.25,290776.0500000002,1292981.3000000003,7,9,-7863.200000000001
212,2017-12-19,1,1,2,2,35363.49999999978,-385848.56999999995,421212.07000000053,-350485.0700000002,1899.23,6297.529999999999,292675.2800000002,1298972.8100000003,7,9,-7863.200000000001
213,2017-12-20,1,1,1,1,35370.55999999978,-386152.48999999993,421523.0500000005,-350781.93000000017,649.8,6715.02,293325.0800000002,1300040.1,7,9,-7863.200000000001
214,2017-12-21,0,1,3,0,5405.619999999777,-476149.1499999999,481554.7700000005,-470743.53000000014,306.54,302.02000000000083,293631.62000000017,1293933.6400000001,6,12,-7863.200000000001
215,2017-12-22,1,1,0,1,5389.539999999775,-444437.7099999999,449827.25000000047,-439048.17000000016,-878.3599999999999,5524.940000000001,292753.2600000002,1298278.2000000002,6,11,-7863.200000000001
216,2017-12-26,0,1,0,0,-26729.580000000227,-444437.7099999999,417708.13000000047,-471167.29000000015,2124.4,2714.54,294877.6600000002,1297592.2000000002,5,11,-7863.200000000001
217,2017-12-27,1,0,0,4,3275.4199999997727,-331327.25999999995,334602.6800000005,-328051.8400000002,7938.079999999999,-559.9400000000009,302815.74000000017,1302255.8000000003,6,7,-7863.200000000001
