,Date,Open,High,Low,Close,Volume
0,2015-08-24,38.595,39.83,38.005,38.245,-1
1,2015-08-25,39.335,39.445,37.05,37.075,-1
2,2015-08-26,37.9,37.93,36.815,37.595,-1
3,2015-08-27,38.07,39.565,38.01,39.41,-1
4,2015-08-28,39.235,40.31,39.11,39.95,-1
5,2015-08-31,39.81,40.745,39.515,40.4,-1
6,2015-09-01,39.835,40.085,39.235,39.485,-1
7,2015-09-02,39.83,40.2,39.265,39.965,-1
8,2015-09-03,40.03,40.845,39.91,40.34,-1
9,2015-09-04,39.87,40.075,39.28,39.43,-1
10,2015-09-08,40.165,40.33,39.895,40.065,-1
11,2015-09-09,40.365,40.78,39.69,39.795,-1
12,2015-09-10,39.905,40.045,39.125,39.82,-1
13,2015-09-11,39.745,40.19,39.52,40.18,-1
14,2015-09-14,40.145,40.15,39.175,39.25,-1
15,2015-09-15,39.905,39.905,39.135,39.19,-1
16,2015-09-16,39.36,39.665,39.18,39.255,-1
17,2015-09-17,39.385,39.95,39.095,39.205,-1
18,2015-09-18,38.695,38.735,37.745,37.88,-1
19,2015-09-21,38.025,38.15,37.675,37.98,-1
20,2015-09-22,37.435,37.525,37.04,37.415,-1
21,2015-09-23,37.52,37.65,36.89,37.01,-1
22,2015-09-24,36.76,37.605,36.24,37.34,-1
23,2015-09-25,37.635,37.74,37.205,37.355,-1
24,2015-09-28,37.17,37.27,36.47,36.63,-1
25,2015-09-29,36.695,37.375,36.545,37.3,-1
26,2015-09-30,37.48,37.97,36.87,37.445,-1
27,2015-10-01,37.25,37.71,36.595,36.76,-1
28,2015-10-02,36.505,37.405,36.025,37.4,-1
29,2015-10-05,37.73,39.425,37.725,39.34,-1
30,2015-10-06,39.205,40.315,38.94,39.75,-1
31,2015-10-07,39.84,41.095,39.695,40.39,-1
32,2015-10-08,39.8,41.405,39.06,41.255,-1
33,2015-10-09,41.355,41.85,40.93,41.345,-1
34,2015-10-12,41.44,41.44,40.61,40.905,-1
35,2015-10-13,40.74,41.445,40.58,40.88,-1
36,2015-10-14,40.89,41.215,40.49,40.65,-1
37,2015-10-15,40.665,40.81,39.665,40.555,-1
38,2015-10-16,40.605,40.605,38.78,39.31,-1
39,2015-10-19,39.07,39.515,38.88,39.075,-1
40,2015-10-20,38.91,40.04,38.83,39.34,-1
41,2015-10-21,39.56,39.9,38.88,38.925,-1
42,2015-10-22,39.155,39.84,38.995,39.185,-1
43,2015-10-23,39.415,39.97,39.255,39.755,-1
44,2015-10-26,39.685,39.955,39.505,39.65,-1
45,2015-10-27,39.375,39.545,37.795,37.88,-1
46,2015-10-28,38.895,39.38,37.825,38.895,-1
47,2015-10-29,38.805,39.245,38.585,39.03,-1
48,2015-10-30,39.13,40.375,39.03,40.13,-1
49,2015-11-02,40.24,41.305,40.08,41.24,-1
50,2015-11-03,41.185,41.905,40.91,41.585,-1
51,2015-11-04,41.61,41.865,41.32,41.58,-1
52,2015-11-05,41.495,42.065,41.16,41.845,-1
53,2015-11-06,41.615,41.725,40.87,41.215,-1
54,2015-11-09,41.16,41.27,40.3,41.1,-1
55,2015-11-10,41.105,41.64,40.69,41.51,-1
56,2015-11-11,41.54,41.69,41.14,41.55,-1
57,2015-11-12,41.23,41.41,40.425,40.44,-1
58,2015-11-13,40.415,41.24,40.245,40.72,-1
59,2015-11-16,40.63,41.5,40.54,41.475,-1
60,2015-11-17,41.505,41.66,40.675,40.915,-1
61,2015-11-18,40.93,41.855,40.93,41.825,-1
62,2015-11-19,41.7,42.775,41.685,42.755,-1
63,2015-11-20,42.785,42.92,42.235,42.39,-1
64,2015-11-23,41.125,43.665,40.63,43.545,-1
65,2015-11-24,44.085,44.64,43.505,43.975,-1
66,2015-11-25,43.975,44.055,43.185,43.26,-1
67,2015-11-27,43.275,43.835,43.15,43.445,-1
68,2015-11-30,43.485,44.135,43.03,44.125,-1
69,2015-12-01,44.005,45.13,44.0,44.96,-1
70,2015-12-02,44.92,45.425,43.94,44.145,-1
71,2015-12-03,44.35,45.07,44.02,44.735,-1
72,2015-12-04,44.665,45.175,44.125,44.575,-1
73,2015-12-07,44.435,44.65,43.72,43.9,-1
74,2015-12-08,41.26,43.46,40.825,43.03,-1
75,2015-12-09,42.825,43.755,42.56,42.735,-1
76,2015-12-10,42.79,43.1,42.635,42.74,-1
77,2015-12-11,42.29,42.615,41.795,41.865,-1
78,2015-12-14,41.82,41.885,41.215,41.71,-1
79,2015-12-15,41.98,42.48,41.825,42.15,-1
80,2015-12-16,42.415,42.78,41.83,42.59,-1
81,2015-12-17,42.675,42.68,41.475,41.625,-1
82,2015-12-18,41.41,41.67,40.775,40.785,-1
83,2015-12-21,41.045,41.37,40.615,40.945,-1
84,2015-12-22,41.06,42.13,40.945,41.99,-1
85,2015-12-23,42.27,43.475,42.27,43.36,-1
86,2015-12-24,43.43,43.58,43.13,43.29,-1
87,2015-12-28,43.07,43.115,42.365,42.675,-1
88,2015-12-29,42.935,43.345,42.675,43.06,-1
89,2015-12-30,42.765,43.235,42.41,42.42,-1
90,2015-12-31,42.35,42.625,41.945,41.945,-1
91,2016-01-04,41.31,41.965,41.05,41.935,-1
92,2016-01-05,42.245,42.31,40.815,41.325,-1
93,2016-01-06,40.56,40.89,40.3,40.54,-1
94,2016-01-07,39.88,40.32,39.255,39.45,-1
95,2016-01-08,39.655,39.96,38.585,38.735,-1
96,2016-01-11,39.81,39.81,38.0,38.4,-1
97,2016-01-12,39.7,39.7,38.265,39.075,-1
98,2016-01-13,40.03,40.03,37.835,38.205,-1
99,2016-01-14,38.51,38.81,37.55,38.365,-1
100,2016-01-15,37.185,37.8,36.735,37.655,-1
101,2016-01-19,37.93,38.175,36.255,36.485,-1
102,2016-01-20,35.865,37.205,35.205,36.785,-1
103,2016-01-21,36.895,37.45,36.355,36.625,-1
104,2016-01-22,37.28,38.4,36.885,37.405,-1
105,2016-01-25,37.19,37.73,36.66,36.73,-1
106,2016-01-26,37.025,37.48,36.545,37.46,-1
107,2016-01-27,37.35,38.345,36.955,37.465,-1
108,2016-01-28,37.555,39.15,37.38,37.715,-1
109,2016-01-29,37.86,39.445,37.785,39.23,-1
110,2016-02-01,36.725,39.225,36.465,39.13,-1
111,2016-02-02,37.15,38.935,36.795,38.64,-1
112,2016-02-03,36.685,38.39,36.175,37.355,-1
113,2016-02-04,37.235,38.285,37.065,37.405,-1
114,2016-02-05,37.19,37.98,36.815,37.05,-1
115,2016-02-08,36.54,36.64,34.97,35.715,-1
116,2016-02-09,35.325,35.785,35.055,35.5,-1
117,2016-02-10,35.68,37.205,35.38,35.405,-1
118,2016-02-11,34.905,35.62,34.735,35.045,-1
119,2016-02-12,35.535,36.18,34.935,36.07,-1
120,2016-02-16,36.6,37.225,36.035,37.185,-1
121,2016-02-17,38.305,38.845,37.76,38.435,-1
122,2016-02-18,38.57,38.775,37.57,37.99,-1
123,2016-02-19,37.505,38.115,36.625,38.0,-1
124,2016-02-22,38.415,39.165,38.415,38.62,-1
125,2016-02-23,36.915,39.175,36.395,38.225,-1
126,2016-02-24,36.33,38.545,36.325,38.505,-1
127,2016-02-25,38.615,38.965,37.905,38.465,-1
128,2016-02-26,38.7,39.165,38.575,38.86,-1
129,2016-02-29,38.895,39.095,38.255,38.65,-1
130,2016-03-01,39.0,39.75,38.74,39.645,-1
131,2016-03-02,39.575,40.11,39.335,39.975,-1
132,2016-03-03,39.98,40.695,39.895,40.585,-1
133,2016-03-04,40.65,40.86,40.15,40.725,-1
134,2016-03-07,40.565,41.915,40.51,41.785,-1
135,2016-03-08,41.615,43.065,40.39,40.79,-1
136,2016-03-09,40.96,41.045,40.47,40.77,-1
137,2016-03-10,40.895,41.005,39.865,40.595,-1
138,2016-03-11,40.935,41.94,40.87,41.74,-1
139,2016-03-14,41.185,42.885,40.925,41.505,-1
140,2016-03-15,41.23,41.55,40.85,41.36,-1
141,2016-03-16,41.29,42.65,41.195,42.4,-1
142,2016-03-17,42.355,43.98,42.3,43.85,-1
143,2016-03-18,43.94,44.55,43.735,44.09,-1
144,2016-03-21,43.96,44.175,43.695,44.15,-1
145,2016-03-22,44.0,44.765,43.88,44.58,-1
146,2016-03-23,44.44,44.44,43.635,43.665,-1
147,2016-03-24,43.315,43.415,42.915,43.265,-1
148,2016-03-28,43.365,43.575,42.745,43.02,-1
149,2016-03-29,41.69,43.53,41.69,43.52,-1
150,2016-03-30,43.775,44.0,43.475,43.765,-1
151,2016-03-31,43.61,43.79,43.405,43.54,-1
152,2016-04-01,43.205,43.765,42.49,43.74,-1
153,2016-04-04,43.76,43.76,42.935,43.035,-1
154,2016-04-05,42.61,42.905,42.235,42.435,-1
155,2016-04-06,42.48,42.71,41.91,42.295,-1
156,2016-04-07,41.89,42.015,40.915,41.015,-1
157,2016-04-08,41.385,42.045,41.02,41.205,-1
158,2016-04-11,41.44,41.895,41.17,41.455,-1
159,2016-04-12,41.525,42.115,41.305,41.8,-1
160,2016-04-13,40.925,43.065,40.925,42.955,-1
161,2016-04-14,42.975,43.105,42.285,42.38,-1
162,2016-04-15,42.385,42.425,41.98,42.18,-1
163,2016-04-18,41.925,42.685,41.775,42.585,-1
164,2016-04-19,42.315,43.485,42.315,42.96,-1
165,2016-04-20,43.015,43.605,42.895,43.375,-1
166,2016-04-21,43.35,43.695,43.26,43.37,-1
167,2016-04-22,43.415,44.065,43.345,43.79,-1
168,2016-04-25,43.635,43.95,43.33,43.62,-1
169,2016-04-26,43.755,44.485,43.695,44.39,-1
170,2016-04-27,44.41,45.05,44.265,44.955,-1
171,2016-04-28,43.695,45.295,43.695,44.515,-1
172,2016-04-29,44.02,45.1,43.97,44.57,-1
173,2016-05-02,42.83,44.88,42.59,44.88,-1
174,2016-05-03,44.425,45.175,43.92,45.075,-1
175,2016-05-04,44.82,45.24,44.07,44.445,-1
176,2016-05-05,45.135,46.65,44.405,46.565,-1
177,2016-05-06,46.505,48.67,46.385,48.645,-1
178,2016-05-09,48.785,50.035,48.655,49.23,-1
179,2016-05-10,49.38,50.59,49.26,50.43,-1
180,2016-05-11,50.305,50.52,50.0,50.07,-1
181,2016-05-12,50.185,50.76,49.795,49.815,-1
182,2016-05-13,49.725,50.26,48.98,49.15,-1
183,2016-05-16,49.26,50.375,49.26,50.105,-1
184,2016-05-17,49.915,50.515,49.235,49.33,-1
185,2016-05-18,49.26,50.16,48.72,49.4,-1
186,2016-05-19,49.14,49.165,48.335,48.93,-1
187,2016-05-20,49.155,49.72,49.035,49.21,-1
188,2016-05-23,49.185,49.275,48.41,48.635,-1
189,2016-05-24,48.79,49.135,48.63,48.99,-1
190,2016-05-25,49.275,50.23,49.26,50.0,-1
191,2016-05-26,50.09,50.41,49.63,50.01,-1
192,2016-05-27,49.895,50.17,49.705,50.15,-1
193,2016-05-31,50.22,50.835,50.02,50.66,-1
194,2016-06-01,50.425,50.995,50.235,50.85,-1
195,2016-06-02,50.66,51.06,50.455,50.78,-1
196,2016-06-03,50.755,51.75,50.485,51.5,-1
197,2016-06-06,51.635,51.98,51.41,51.955,-1
198,2016-06-07,51.865,51.99,51.68,51.78,-1
199,2016-06-08,51.755,52.985,51.745,52.61,-1
200,2016-06-09,52.24,52.545,51.81,52.495,-1
201,2016-06-10,51.985,52.11,51.425,51.565,-1
202,2016-06-13,51.255,51.64,50.715,50.72,-1
203,2016-06-14,50.585,51.095,50.5,51.025,-1
204,2016-06-15,51.125,51.535,50.96,51.02,-1
205,2016-06-16,50.765,51.015,50.19,50.955,-1
206,2016-06-17,51.055,51.46,50.81,51.235,-1
207,2016-06-20,51.925,52.485,51.835,52.38,-1
208,2016-06-21,52.39,52.415,51.77,52.185,-1
209,2016-06-22,52.325,52.66,52.15,52.305,-1
210,2016-06-23,52.885,53.34,52.695,53.09,-1
211,2016-06-24,50.44,51.475,49.44,49.645,-1
212,2016-06-27,50.995,51.75,47.465,47.685,-1
213,2016-06-28,48.275,48.55,47.135,47.845,-1
214,2016-06-29,49.61,50.765,47.785,48.765,-1
215,2016-06-30,48.82,49.99,48.485,49.815,-1
216,2016-07-01,49.83,50.575,49.51,49.71,-1
217,2016-07-05,49.225,49.535,48.13,48.645,-1
218,2016-07-06,48.395,49.805,48.25,49.78,-1
219,2016-07-07,49.805,50.45,49.74,49.985,-1
220,2016-07-08,50.3,51.365,50.3,51.26,-1
221,2016-07-11,51.425,52.24,51.405,51.85,-1
222,2016-07-12,50.455,53.27,50.455,53.09,-1
223,2016-07-13,53.19,53.715,52.59,52.785,-1
224,2016-07-14,53.155,53.485,52.815,52.82,-1
225,2016-07-15,50.135,53.035,50.135,52.7,-1
226,2016-07-18,52.685,53.08,52.195,52.61,-1
227,2016-07-19,52.45,52.73,52.18,52.48,-1
228,2016-07-20,52.485,53.425,52.02,53.31,-1
229,2016-07-21,53.375,53.99,53.085,53.34,-1
230,2016-07-22,53.565,53.6,52.875,53.095,-1
231,2016-07-25,52.97,53.145,52.665,52.99,-1
232,2016-07-26,53.135,53.905,53.12,53.875,-1
233,2016-07-27,53.72,54.545,53.72,54.48,-1
234,2016-07-28,54.285,54.515,53.645,54.08,-1
235,2016-07-29,53.955,54.475,53.305,53.515,-1
236,2016-08-01,53.585,53.72,52.86,53.51,-1
237,2016-08-02,53.375,53.43,52.695,52.995,-1
238,2016-08-03,53.02,53.105,52.495,52.995,-1
239,2016-08-04,53.07,53.425,52.795,53.01,-1
240,2016-08-05,53.345,53.95,53.19,53.745,-1
241,2016-08-08,53.93,54.39,53.31,53.38,-1
242,2016-08-09,52.49,55.9,52.325,55.58,-1
243,2016-08-10,54.255,55.555,54.255,54.63,-1
244,2016-08-11,52.185,54.94,52.185,54.4,-1
245,2016-08-12,52.3,54.355,52.155,53.51,-1
246,2016-08-15,53.735,54.54,53.47,54.245,-1
247,2016-08-16,52.115,54.25,52.07,53.68,-1
248,2016-08-17,53.76,53.76,53.065,53.29,-1
249,2016-08-18,53.315,54.045,53.22,53.965,-1
250,2016-08-19,53.805,53.91,53.12,53.735,-1
251,2016-08-22,53.54,54.155,53.215,54.08,-1
252,2016-08-23,54.135,54.765,54.105,54.63,-1
253,2016-08-24,52.38,54.81,52.38,54.12,-1
254,2016-08-25,54.035,54.425,53.915,54.36,-1
255,2016-08-26,53.25,55.22,53.25,54.475,-1
256,2016-08-29,54.41,55.125,54.285,54.73,-1
257,2016-08-30,54.735,54.9,53.415,53.48,-1
258,2016-08-31,53.41,53.41,52.335,52.68,-1
259,2016-09-01,52.705,53.045,51.725,52.03,-1
260,2016-09-02,52.23,52.495,51.9,52.245,-1
261,2016-09-06,52.485,53.74,51.38,51.67,-1
262,2016-09-07,51.505,51.86,50.895,51.8,-1
263,2016-09-08,51.895,52.085,51.545,51.575,-1
264,2016-09-09,51.115,51.35,50.14,50.155,-1
265,2016-09-12,49.945,50.945,49.645,50.605,-1
266,2016-09-13,50.14,50.525,49.905,50.15,-1
267,2016-09-14,50.145,50.28,49.2,49.305,-1
268,2016-09-15,49.235,50.31,49.135,50.145,-1
269,2016-09-16,50.555,50.655,49.145,49.68,-1
270,2016-09-19,50.05,51.0,49.51,50.28,-1
271,2016-09-20,50.535,50.72,49.9,49.9,-1
272,2016-09-21,50.025,50.675,49.62,50.635,-1
273,2016-09-22,51.06,51.51,50.845,51.21,-1
274,2016-09-23,51.065,51.495,50.645,50.65,-1
275,2016-09-26,50.44,51.095,50.295,50.74,-1
276,2016-09-27,50.9,50.94,49.285,50.74,-1
277,2016-09-28,50.97,52.26,50.84,52.195,-1
278,2016-09-29,52.18,52.785,51.935,51.955,-1
279,2016-09-30,51.4,52.285,51.4,51.72,-1
280,2016-10-03,51.535,51.99,50.89,51.96,-1
281,2016-10-04,50.26,52.32,50.085,51.35,-1
282,2016-10-05,51.52,52.54,51.51,52.33,-1
283,2016-10-06,51.3,52.405,51.3,52.385,-1
284,2016-10-07,52.47,52.47,51.745,51.84,-1
285,2016-10-10,52.15,52.61,51.8,51.85,-1
286,2016-10-11,51.66,51.82,49.985,50.11,-1
287,2016-10-12,50.12,50.675,49.64,50.355,-1
288,2016-10-13,49.94,50.38,49.615,50.2,-1
289,2016-10-14,50.43,50.79,50.07,50.07,-1
290,2016-10-17,50.015,50.74,49.905,50.28,-1
291,2016-10-18,51.0,51.485,49.985,50.58,-1
292,2016-10-19,50.605,51.13,49.845,50.79,-1
293,2016-10-20,50.61,50.82,50.14,50.66,-1
294,2016-10-21,50.265,50.72,49.89,50.555,-1
295,2016-10-24,50.815,51.3,50.805,50.97,-1
296,2016-10-25,50.51,51.065,50.265,50.435,-1
297,2016-10-26,50.105,51.185,49.845,50.875,-1
298,2016-10-27,51.115,51.34,50.6,50.69,-1
299,2016-10-28,50.72,51.83,50.72,51.115,-1
300,2016-10-31,51.235,51.775,51.165,51.585,-1
301,2016-11-01,51.67,52.79,50.225,50.76,-1
302,2016-11-02,50.615,51.21,50.28,50.54,-1
303,2016-11-03,50.01,51.215,49.93,51.02,-1
304,2016-11-04,44.895,51.01,44.895,49.26,-1
305,2016-11-07,50.215,50.26,49.165,49.4,-1
306,2016-11-08,49.365,50.39,49.15,49.995,-1
307,2016-11-09,52.855,55.91,52.855,54.9,-1
308,2016-11-10,55.545,56.75,55.28,55.88,-1
309,2016-11-11,55.685,56.195,55.29,55.625,-1
310,2016-11-14,55.975,58.88,55.735,58.605,-1
311,2016-11-15,58.93,59.295,58.1,59.18,-1
312,2016-11-16,57.77,59.23,57.485,58.62,-1
313,2016-11-17,58.685,58.985,58.425,58.815,-1
314,2016-11-18,58.64,58.77,57.895,58.16,-1
315,2016-11-21,58.44,58.77,57.95,57.975,-1
316,2016-11-22,57.215,59.735,57.215,59.265,-1
317,2016-11-23,59.415,61.76,59.175,61.695,-1
318,2016-11-25,62.1,62.305,61.38,62.16,-1
319,2016-11-28,62.045,62.615,61.83,61.935,-1
320,2016-11-29,61.9,62.165,61.035,61.715,-1
321,2016-11-30,62.065,63.435,61.985,62.01,-1
322,2016-12-01,64.74,64.74,61.455,61.62,-1
323,2016-12-02,61.685,61.86,60.165,60.66,-1
324,2016-12-05,61.055,61.355,59.565,59.855,-1
325,2016-12-06,59.935,60.78,59.775,60.495,-1
326,2016-12-07,60.525,61.04,60.14,60.275,-1
327,2016-12-08,60.175,61.79,60.075,60.89,-1
328,2016-12-09,60.98,61.735,60.545,61.57,-1
329,2016-12-12,61.565,62.04,61.21,61.56,-1
330,2016-12-13,62.535,62.54,60.485,60.6,-1
331,2016-12-14,60.53,61.125,59.82,59.94,-1
332,2016-12-15,60.01,60.34,59.26,59.36,-1
333,2016-12-16,59.425,59.52,58.745,58.79,-1
334,2016-12-19,58.82,59.485,58.43,58.73,-1
335,2016-12-20,58.915,59.44,58.63,59.42,-1
336,2016-12-21,59.415,59.525,58.15,58.45,-1
337,2016-12-22,58.39,58.75,57.78,58.315,-1
338,2016-12-23,58.305,58.525,57.995,58.18,-1
339,2016-12-27,58.14,58.535,57.945,58.465,-1
340,2016-12-28,58.52,58.63,57.12,57.49,-1
341,2016-12-29,57.52,57.93,57.065,57.28,-1
342,2016-12-30,57.42,57.43,56.795,57.02,-1
343,2017-01-03,57.755,59.37,57.735,58.125,-1
344,2017-01-04,58.215,59.26,58.215,58.75,-1
345,2017-01-05,58.755,59.305,58.16,58.565,-1
346,2017-01-06,58.59,59.01,57.91,57.96,-1
347,2017-01-09,56.51,57.985,56.51,56.75,-1
348,2017-01-10,57.225,57.555,56.68,57.27,-1
349,2017-01-11,57.555,57.57,56.745,57.305,-1
350,2017-01-12,57.54,57.565,56.38,57.38,-1
351,2017-01-13,57.54,58.2,57.235,58.16,-1
352,2017-01-17,58.675,58.68,56.925,57.015,-1
353,2017-01-18,56.035,58.05,56.03,58.02,-1
354,2017-01-19,58.435,58.815,57.43,57.6,-1
355,2017-01-20,58.29,58.29,56.12,57.37,-1
356,2017-01-23,57.27,57.585,56.545,57.12,-1
357,2017-01-24,58.0,60.285,57.235,60.12,-1
358,2017-01-25,60.645,62.185,60.645,61.865,-1
359,2017-01-26,61.87,62.055,60.255,61.23,-1
360,2017-01-27,61.255,61.355,60.055,60.31,-1
361,2017-01-30,60.03,60.03,58.39,59.375,-1
362,2017-01-31,62.32,62.32,57.97,58.555,-1
363,2017-02-01,58.815,59.715,58.19,58.855,-1
364,2017-02-02,58.605,59.06,58.205,58.71,-1
365,2017-02-03,60.53,60.535,58.665,59.205,-1
366,2017-02-06,59.025,59.56,58.645,59.165,-1
367,2017-02-07,57.25,59.8,57.25,58.775,-1
368,2017-02-08,57.32,59.18,56.19,56.63,-1
369,2017-02-09,56.635,57.3,56.21,56.455,-1
370,2017-02-10,56.825,57.53,56.305,57.385,-1
371,2017-02-13,57.76,57.77,57.27,57.445,-1
372,2017-02-14,57.68,57.68,56.755,57.53,-1
373,2017-02-15,57.52,58.4,57.2,58.29,-1
374,2017-02-16,58.455,59.035,57.54,59.02,-1
375,2017-02-17,58.47,58.875,57.475,57.6,-1
376,2017-02-21,58.12,58.545,57.74,58.18,-1
377,2017-02-22,57.57,58.1,56.74,56.795,-1
378,2017-02-23,57.255,57.39,55.455,56.09,-1
379,2017-02-24,55.385,56.08,55.33,56.02,-1
380,2017-02-27,56.03,57.68,55.735,57.06,-1
381,2017-02-28,56.315,57.115,56.085,56.4,-1
382,2017-03-01,57.42,58.47,57.28,57.535,-1
383,2017-03-02,57.015,57.51,56.295,56.795,-1
384,2017-03-03,56.755,57.225,56.305,56.48,-1
385,2017-03-06,56.185,56.545,55.87,56.415,-1
386,2017-03-07,56.265,57.03,55.935,56.505,-1
387,2017-03-08,56.61,57.075,56.535,56.69,-1
388,2017-03-09,56.73,56.92,55.57,55.87,-1
389,2017-03-10,56.295,56.885,55.945,56.43,-1
390,2017-03-13,56.4,57.015,56.225,56.45,-1
391,2017-03-14,57.045,57.045,54.92,55.555,-1
392,2017-03-15,57.07,57.07,55.4,56.335,-1
393,2017-03-16,56.54,56.925,55.8,55.88,-1
394,2017-03-17,56.005,56.095,55.075,55.455,-1
395,2017-03-20,55.46,55.72,54.88,55.45,-1
396,2017-03-21,55.635,55.91,54.435,54.52,-1
397,2017-03-22,54.44,55.095,54.155,54.765,-1
398,2017-03-23,54.695,55.07,54.41,54.775,-1
399,2017-03-24,54.835,55.225,53.87,54.14,-1
400,2017-03-27,52.785,53.87,52.41,53.69,-1
401,2017-03-28,53.615,54.59,53.49,54.19,-1
402,2017-03-29,54.025,55.475,54.01,55.105,-1
403,2017-03-30,55.09,55.83,54.87,55.32,-1
404,2017-03-31,55.14,55.845,54.865,55.275,-1
405,2017-04-03,55.415,55.645,54.255,54.65,-1
406,2017-04-04,54.51,54.87,54.26,54.665,-1
407,2017-04-05,55.6,55.675,54.21,54.31,-1
408,2017-04-06,56.475,56.475,54.18,54.595,-1
409,2017-04-07,54.48,54.93,54.34,54.525,-1
410,2017-04-10,54.8,55.195,53.965,54.93,-1
411,2017-04-11,54.82,54.875,54.13,54.615,-1
412,2017-04-12,54.425,54.465,52.815,53.115,-1
413,2017-04-13,52.97,53.555,52.85,52.97,-1
414,2017-04-17,53.16,53.49,52.7,53.47,-1
415,2017-04-18,53.09,53.83,52.86,53.64,-1
416,2017-04-19,53.905,54.555,53.535,53.88,-1
417,2017-04-20,54.17,54.52,53.415,53.68,-1
418,2017-04-21,53.715,53.785,53.175,53.545,-1
419,2017-04-24,54.195,54.79,54.01,54.66,-1
420,2017-04-25,53.905,55.41,53.905,55.09,-1
421,2017-04-26,52.86,55.645,52.86,55.395,-1
422,2017-04-27,55.59,55.745,55.09,55.715,-1
423,2017-04-28,55.725,55.895,54.64,54.91,-1
424,2017-05-01,55.045,55.2,54.28,54.535,-1
425,2017-05-02,54.685,55.31,54.585,55.115,-1
426,2017-05-03,54.89,54.975,54.19,54.57,-1
427,2017-05-04,53.425,54.975,53.425,54.77,-1
428,2017-05-05,52.58,54.655,52.58,54.645,-1
429,2017-05-08,54.68,55.2,54.38,54.705,-1
430,2017-05-09,54.82,56.165,53.785,55.91,-1
431,2017-05-10,54.84,55.885,54.295,54.56,-1
432,2017-05-11,55.275,55.355,54.085,54.56,-1
433,2017-05-12,54.44,54.555,52.71,52.76,-1
434,2017-05-15,54.56,54.56,52.685,52.82,-1
435,2017-05-16,53.515,53.515,52.245,52.595,-1
436,2017-05-17,51.165,52.105,51.125,51.7,-1
437,2017-05-18,52.27,52.27,50.53,51.39,-1
438,2017-05-19,52.535,53.32,51.475,53.005,-1
439,2017-05-22,53.51,53.665,52.645,52.89,-1
440,2017-05-23,53.02,53.28,52.675,53.19,-1
441,2017-05-24,53.2,53.315,52.51,52.945,-1
442,2017-05-25,53.14,53.195,52.465,52.57,-1
443,2017-05-26,52.525,52.875,52.355,52.66,-1
444,2017-05-30,52.56,52.84,52.19,52.63,-1
445,2017-05-31,52.325,52.735,52.01,52.415,-1
446,2017-06-01,52.57,53.335,52.135,53.185,-1
447,2017-06-02,52.825,53.565,52.185,53.215,-1
448,2017-06-05,53.145,53.26,52.265,52.32,-1
449,2017-06-06,52.13,52.36,51.68,52.075,-1
450,2017-06-07,52.24,52.335,51.605,51.975,-1
451,2017-06-08,51.97,52.995,51.765,52.94,-1
452,2017-06-09,53.175,55.11,52.87,54.965,-1
453,2017-06-12,54.01,55.36,54.01,55.005,-1
454,2017-06-13,55.005,55.65,54.685,55.005,-1
455,2017-06-14,54.87,55.425,54.235,54.6,-1
456,2017-06-15,54.125,54.76,53.46,53.79,-1
457,2017-06-16,53.74,53.9,53.355,53.815,-1
458,2017-06-19,53.895,54.49,53.67,54.185,-1
459,2017-06-20,53.735,54.065,53.31,53.46,-1
460,2017-06-21,53.52,53.75,52.435,52.495,-1
461,2017-06-22,52.495,52.92,52.115,52.665,-1
462,2017-06-23,52.71,52.955,52.29,52.795,-1
463,2017-06-26,52.94,53.8,52.685,53.565,-1
464,2017-06-27,53.775,54.495,53.365,53.54,-1
465,2017-06-28,54.635,54.865,54.04,54.21,-1
466,2017-06-29,54.82,54.825,53.115,53.57,-1
467,2017-06-30,54.58,54.685,53.645,54.38,-1
468,2017-07-03,54.625,55.495,54.47,55.155,-1
469,2017-07-05,55.02,55.03,54.295,54.86,-1
470,2017-07-06,55.12,55.24,54.015,54.155,-1
471,2017-07-07,54.2,55.005,53.825,54.81,-1
472,2017-07-10,53.26,55.36,53.26,54.77,-1
473,2017-07-11,54.785,54.79,53.96,54.605,-1
474,2017-07-12,55.59,55.83,54.505,54.685,-1
475,2017-07-13,54.78,54.795,54.15,54.245,-1
476,2017-07-14,54.275,54.71,54.17,54.365,-1
477,2017-07-17,54.345,54.88,53.965,54.5,-1
478,2017-07-18,54.225,54.625,52.09,52.395,-1
479,2017-07-19,52.58,53.48,52.305,53.43,-1
480,2017-07-20,52.11,53.715,52.08,52.54,-1
481,2017-07-21,52.485,52.66,51.945,52.3,-1
482,2017-07-24,52.185,52.29,51.35,52.175,-1
483,2017-07-25,52.765,53.425,52.45,52.97,-1
484,2017-07-26,53.26,53.26,52.13,52.8,-1
485,2017-07-27,52.745,53.105,52.595,53.075,-1
486,2017-07-28,52.92,53.05,52.08,52.39,-1
487,2017-07-31,52.535,53.215,52.305,52.715,-1
488,2017-08-01,52.19,53.43,52.105,53.325,-1
489,2017-08-02,52.53,54.5,52.53,53.365,-1
490,2017-08-03,52.135,53.19,51.855,52.705,-1
491,2017-08-04,52.84,52.93,52.005,52.48,-1
492,2017-08-07,52.44,52.685,52.08,52.31,-1
493,2017-08-08,55.24,55.83,52.545,54.08,-1
494,2017-08-09,53.8,54.32,53.315,54.225,-1
495,2017-08-10,52.305,54.625,52.305,52.665,-1
496,2017-08-11,52.81,53.005,52.37,52.575,-1
497,2017-08-14,52.96,53.295,52.7,52.725,-1
498,2017-08-15,52.03,52.845,51.555,51.585,-1
499,2017-08-16,51.76,52.125,50.97,51.045,-1
500,2017-08-17,50.885,51.36,50.205,50.25,-1
501,2017-08-18,50.14,50.595,49.68,49.86,-1
502,2017-08-21,49.85,49.955,49.295,49.58,-1
503,2017-08-22,49.74,50.955,49.645,50.86,-1
504,2017-08-23,50.645,51.565,50.44,51.33,-1
505,2017-08-24,51.405,51.705,51.295,51.31,-1
506,2017-08-25,51.44,52.205,51.28,51.945,-1
507,2017-08-28,52.125,52.445,51.825,52.22,-1
508,2017-08-29,51.98,53.375,51.795,53.175,-1
509,2017-08-30,52.505,53.975,51.905,53.75,-1
510,2017-08-31,55.775,55.775,53.73,54.49,-1
511,2017-09-01,54.58,55.435,54.545,55.115,-1
512,2017-09-05,56.085,56.435,53.97,54.4,-1
513,2017-09-06,56.245,56.245,54.22,54.49,-1
514,2017-09-07,54.58,54.72,53.855,54.445,-1
515,2017-09-08,54.425,54.995,53.93,54.62,-1
516,2017-09-11,54.21,55.235,54.21,54.9,-1
517,2017-09-12,55.04,56.175,54.975,55.925,-1
518,2017-09-13,55.87,56.37,55.635,55.985,-1
519,2017-09-14,55.935,56.18,55.68,55.8,-1
520,2017-09-15,55.695,56.46,55.6,55.945,-1
521,2017-09-18,56.17,56.875,55.795,56.76,-1
522,2017-09-19,56.81,57.025,56.525,56.845,-1
523,2017-09-20,56.93,57.785,56.88,57.72,-1
524,2017-09-21,57.645,57.975,57.325,57.43,-1
525,2017-09-22,57.315,57.625,56.875,57.545,-1
526,2017-09-25,57.45,58.46,57.37,58.255,-1
527,2017-09-26,58.41,58.5,57.77,58.3,-1
528,2017-09-27,58.415,58.95,57.895,58.335,-1
529,2017-09-28,58.33,58.495,57.565,58.16,-1
530,2017-09-29,57.445,59.15,57.36,58.265,-1
531,2017-10-02,56.66,58.81,56.595,58.765,-1
532,2017-10-03,58.925,58.96,57.985,58.43,-1
533,2017-10-04,58.465,58.785,57.985,58.6,-1
534,2017-10-05,58.74,59.12,58.51,58.75,-1
535,2017-10-06,57.15,58.97,57.15,58.955,-1
536,2017-10-09,59.065,59.16,58.125,58.33,-1
537,2017-10-10,59.5,59.665,58.145,58.365,-1
538,2017-10-11,57.23,58.485,57.23,58.01,-1
539,2017-10-12,55.47,58.53,55.47,58.52,-1
540,2017-10-13,59.4,59.935,58.265,58.56,-1
541,2017-10-16,59.475,60.385,58.65,59.005,-1
542,2017-10-17,58.92,59.055,58.02,58.23,-1
543,2017-10-18,58.395,58.51,58.11,58.185,-1
544,2017-10-19,57.265,58.35,57.265,58.315,-1
545,2017-10-20,58.56,58.885,58.415,58.825,-1
546,2017-10-23,58.89,59.19,58.19,58.33,-1
547,2017-10-24,58.38,59.015,58.375,58.6,-1
548,2017-10-25,58.44,58.715,57.565,58.085,-1
549,2017-10-26,58.065,58.97,57.955,58.735,-1
550,2017-10-27,58.575,59.01,57.945,58.73,-1
551,2017-10-30,58.48,58.905,58.36,58.47,-1
552,2017-10-31,58.915,58.985,58.165,58.21,-1
553,2017-11-01,58.85,58.965,58.08,58.305,-1
554,2017-11-02,58.295,58.885,57.98,58.845,-1
555,2017-11-03,58.675,59.435,58.39,59.29,-1
556,2017-11-06,59.245,61.185,59.03,61.115,-1
557,2017-11-07,61.045,61.335,60.605,60.935,-1
558,2017-11-08,60.85,61.15,60.145,61.11,-1
559,2017-11-09,60.69,60.69,59.665,60.305,-1
560,2017-11-10,60.125,60.37,59.68,60.02,-1
561,2017-11-13,54.615,59.855,54.115,59.805,-1
562,2017-11-14,59.46,59.49,57.83,57.92,-1
563,2017-11-15,57.595,57.99,57.12,57.35,-1
564,2017-11-16,57.49,58.465,57.335,58.425,-1
565,2017-11-17,58.35,58.92,58.095,58.595,-1
566,2017-11-20,58.685,59.785,58.46,59.335,-1
567,2017-11-21,62.305,65.38,61.315,64.87,-1
568,2017-11-22,65.38,66.47,64.225,64.785,-1
569,2017-11-24,65.175,65.45,63.035,63.33,-1
570,2017-11-27,63.305,63.9,62.79,63.3,-1
571,2017-11-28,63.515,64.755,62.73,64.57,-1
572,2017-11-29,64.5,65.34,64.08,64.835,-1
573,2017-11-30,64.98,66.22,64.61,65.63,-1
574,2017-12-01,67.32,67.32,63.875,65.455,-1
575,2017-12-04,66.02,67.785,65.675,66.67,-1
576,2017-12-05,65.535,66.93,65.535,66.425,-1
577,2017-12-06,66.36,68.185,66.315,67.705,-1
578,2017-12-07,68.79,68.79,67.195,67.69,-1
579,2017-12-08,69.595,69.86,67.52,68.54,-1
580,2017-12-11,68.525,68.65,67.715,68.38,-1
581,2017-12-12,68.445,68.915,68.16,68.375,-1
582,2017-12-13,67.87,69.35,67.87,68.145,-1
583,2017-12-14,66.84,67.09,65.89,66.165,-1
584,2017-12-15,66.42,67.25,65.875,66.185,-1
585,2017-12-18,65.165,67.26,65.165,66.755,-1
586,2017-12-19,66.905,67.075,66.32,66.38,-1
587,2017-12-20,66.82,67.155,66.36,66.4,-1
588,2017-12-21,66.645,66.865,66.015,66.495,-1
589,2017-12-22,66.605,66.89,65.9,66.28,-1
590,2017-12-26,66.07,66.365,65.13,66.055,-1
591,2017-12-27,66.08,66.405,65.645,66.275,-1
592,2017-12-28,66.53,66.77,66.04,66.56,-1
593,2017-12-29,66.65,66.875,65.945,65.975,-1
594,2018-01-02,66.4,67.4,66.14,66.835,-1
595,2018-01-03,67.04,67.575,66.72,67.06,-1
596,2018-01-04,67.395,68.005,66.9,67.81,-1
597,2018-01-05,67.985,68.235,67.345,68.135,-1
598,2018-01-08,68.075,68.33,67.25,67.93,-1
599,2018-01-09,68.665,68.855,67.45,67.705,-1
600,2018-01-10,65.835,68.17,65.835,67.805,-1
601,2018-01-11,68.055,69.585,67.81,69.485,-1
602,2018-01-12,69.8,70.01,69.215,69.57,-1
603,2018-01-16,69.725,70.445,69.24,69.41,-1
604,2018-01-17,69.97,69.985,69.07,69.58,-1
605,2018-01-18,70.845,70.845,69.21,69.405,-1
606,2018-01-19,69.415,69.99,68.735,69.94,-1
607,2018-01-22,69.685,70.475,69.425,70.24,-1
608,2018-01-23,70.095,70.465,69.465,69.855,-1
609,2018-01-24,70.225,70.885,69.745,70.24,-1
610,2018-01-25,70.58,70.74,69.385,69.865,-1
611,2018-01-26,70.065,70.64,69.32,69.955,-1
612,2018-01-29,71.17,72.18,69.97,71.07,-1
613,2018-01-30,70.65,71.155,68.55,69.695,-1
614,2018-01-31,70.79,71.375,68.97,69.455,-1
615,2018-02-01,69.06,70.2,68.52,69.995,-1
616,2018-02-02,69.35,69.575,66.63,67.13,-1
617,2018-02-05,66.365,66.92,63.04,63.075,-1
618,2018-02-06,59.225,64.965,56.345,64.07,-1
619,2018-02-07,65.04,67.16,62.68,66.055,-1
620,2018-02-08,66.155,66.32,62.785,62.885,-1
621,2018-02-09,63.76,63.855,60.305,62.16,-1
622,2018-02-12,63.175,63.91,61.48,63.095,-1
623,2018-02-13,62.72,63.03,61.46,62.28,-1
624,2018-02-14,61.78,63.78,61.24,63.665,-1
625,2018-02-15,63.99,64.24,62.73,63.705,-1
626,2018-02-16,63.535,64.33,63.12,63.195,-1
627,2018-02-20,62.85,63.525,62.065,62.445,-1
628,2018-02-21,62.575,63.575,61.88,62.07,-1
629,2018-02-22,62.835,64.19,61.99,62.58,-1
630,2018-02-23,63.6,64.015,61.225,62.345,-1
631,2018-02-26,62.795,63.235,61.815,63.03,-1
632,2018-02-27,63.04,63.685,61.685,61.745,-1
633,2018-02-28,62.135,62.62,61.04,61.05,-1
634,2018-03-01,61.055,61.055,59.125,59.355,-1
635,2018-03-02,58.52,60.19,58.275,60.04,-1
636,2018-03-05,59.635,60.685,59.205,60.125,-1
637,2018-03-06,60.335,60.715,59.815,60.215,-1
638,2018-03-07,59.555,60.38,59.275,60.2,-1
639,2018-03-08,60.305,60.505,59.11,59.62,-1
640,2018-03-09,60.065,60.905,59.79,60.81,-1
641,2018-03-12,60.79,60.8,59.83,60.43,-1
642,2018-03-13,60.685,61.355,59.89,60.125,-1
643,2018-03-14,58.905,61.055,58.905,59.78,-1
644,2018-03-15,59.9,60.69,59.7,59.935,-1
645,2018-03-16,60.005,61.06,59.89,60.945,-1
646,2018-03-19,60.62,60.74,59.355,59.91,-1
647,2018-03-20,61.11,61.11,59.985,60.14,-1
648,2018-03-21,60.045,61.18,59.815,60.535,-1
649,2018-03-22,58.48,59.96,57.52,57.665,-1
650,2018-03-23,57.65,57.89,55.365,55.54,-1
651,2018-03-26,57.87,59.4,56.24,57.77,-1
652,2018-03-27,57.95,57.95,55.8,56.245,-1
653,2018-03-28,57.32,58.245,56.34,56.87,-1
654,2018-03-29,58.125,59.51,57.41,59.145,-1
655,2018-04-02,58.96,58.96,56.655,57.71,-1
656,2018-04-03,58.27,58.695,57.41,58.55,-1
657,2018-04-04,57.49,60.33,56.73,60.185,-1
658,2018-04-05,60.46,60.695,59.64,59.88,-1
659,2018-04-06,59.31,59.645,57.31,58.01,-1
660,2018-04-09,58.565,59.515,58.27,58.335,-1
661,2018-04-10,60.36,60.51,58.825,59.45,-1
662,2018-04-11,58.595,59.905,58.245,59.51,-1
663,2018-04-12,59.705,60.95,58.68,59.46,-1
664,2018-04-13,59.87,60.08,58.805,59.275,-1
665,2018-04-16,59.675,60.045,59.255,59.715,-1
666,2018-04-17,60.215,60.65,60.005,60.245,-1
667,2018-04-18,60.455,61.055,60.27,60.555,-1
668,2018-04-19,60.485,60.99,60.15,60.51,-1
669,2018-04-20,60.465,60.775,59.435,60.005,-1
670,2018-04-23,59.95,60.885,59.81,60.45,-1
671,2018-04-24,60.73,61.235,58.675,59.095,-1
672,2018-04-25,60.5,60.5,58.315,58.625,-1
673,2018-04-26,59.155,59.475,57.595,58.22,-1
674,2018-04-27,57.75,58.88,57.31,58.795,-1
675,2018-04-30,58.97,59.42,58.08,58.085,-1
676,2018-05-01,57.98,58.53,57.31,58.4,-1
677,2018-05-02,58.385,58.64,57.625,57.745,-1
678,2018-05-03,57.615,57.86,56.045,57.155,-1
679,2018-05-04,56.47,57.015,55.17,56.835,-1
680,2018-05-07,57.7,57.7,56.235,56.69,-1
681,2018-05-08,60.12,62.22,59.61,62.105,-1
682,2018-05-09,63.125,63.53,62.25,62.875,-1
683,2018-05-10,63.045,63.955,62.745,63.755,-1
684,2018-05-11,65.02,65.02,63.385,63.55,-1
685,2018-05-14,63.655,63.755,62.57,62.975,-1
686,2018-05-15,62.605,63.01,62.215,62.675,-1
687,2018-05-16,62.66,63.895,62.42,63.485,-1
688,2018-05-17,63.365,64.055,62.875,63.96,-1
689,2018-05-18,63.93,64.205,63.645,63.725,-1
690,2018-05-21,64.14,64.81,63.925,64.24,-1
691,2018-05-22,61.845,64.44,61.845,63.7,-1
692,2018-05-23,63.355,63.865,62.65,63.465,-1
693,2018-05-24,62.84,63.845,62.78,63.475,-1
694,2018-05-25,62.56,63.44,62.27,63.32,-1
695,2018-05-29,62.81,63.675,62.6,63.31,-1
696,2018-05-30,63.775,64.865,63.295,64.835,-1
697,2018-05-31,64.12,65.105,63.325,64.79,-1
698,2018-06-01,65.21,66.065,64.93,65.415,-1
699,2018-06-04,65.97,66.62,65.585,65.875,-1
700,2018-06-05,65.655,66.425,65.655,66.395,-1
701,2018-06-06,66.425,66.545,65.32,66.265,-1
702,2018-06-07,66.41,66.525,65.66,66.075,-1
703,2018-06-08,65.89,66.685,65.765,66.585,-1
704,2018-06-11,66.55,66.665,66.03,66.355,-1
705,2018-06-12,66.48,66.705,66.0,66.155,-1
706,2018-06-13,65.08,66.79,65.08,65.53,-1
707,2018-06-14,65.88,65.995,64.99,65.335,-1
708,2018-06-15,65.02,65.02,63.44,64.565,-1
709,2018-06-18,64.065,65.525,63.965,65.485,-1
710,2018-06-19,63.495,64.975,63.495,64.795,-1
711,2018-06-20,68.395,68.395,64.38,65.615,-1
712,2018-06-21,65.57,65.72,64.33,64.56,-1
713,2018-06-22,68.275,68.275,64.5,64.805,-1
714,2018-06-25,64.44,64.52,62.76,63.48,-1
715,2018-06-26,63.76,64.12,63.21,63.82,-1
716,2018-06-27,64.845,64.855,63.55,63.6,-1
717,2018-06-28,63.465,63.705,62.625,63.4,-1
718,2018-06-29,63.69,64.775,63.465,63.485,-1
719,2018-07-02,62.875,64.15,62.735,64.025,-1
720,2018-07-03,64.935,65.74,62.905,63.055,-1
721,2018-07-05,63.27,64.645,63.17,64.485,-1
722,2018-07-06,62.92,65.375,62.515,65.025,-1
723,2018-07-09,65.365,66.075,65.305,66.005,-1
724,2018-07-10,66.135,66.58,65.615,66.51,-1
725,2018-07-11,65.76,66.175,64.605,65.395,-1
726,2018-07-12,65.835,65.895,65.065,65.585,-1
727,2018-07-13,65.565,66.49,65.4,66.315,-1
728,2018-07-16,66.285,66.41,65.14,65.455,-1
729,2018-07-17,65.14,66.19,65.135,66.015,-1
730,2018-07-18,66.04,67.025,65.835,66.9,-1
731,2018-07-19,65.045,67.08,65.045,66.85,-1
732,2018-07-20,66.61,66.68,66.02,66.1,-1
733,2018-07-23,65.865,66.565,65.52,66.13,-1
734,2018-07-24,66.455,67.74,66.25,67.075,-1
735,2018-07-25,67.03,67.2,65.64,67.11,-1
736,2018-07-26,67.08,68.04,66.885,67.645,-1
737,2018-07-27,67.755,68.02,67.03,67.285,-1
738,2018-07-30,68.58,68.58,66.935,66.995,-1
739,2018-07-31,67.315,67.93,66.64,67.645,-1
740,2018-08-01,64.0,67.54,64.0,67.06,-1
741,2018-08-02,63.525,67.27,63.2,66.925,-1
742,2018-08-03,68.165,68.165,66.675,67.07,-1
743,2018-08-06,70.565,73.19,68.32,72.315,-1
744,2018-08-07,73.885,74.41,71.535,72.155,-1
745,2018-08-08,72.175,73.17,71.735,72.905,-1
746,2018-08-09,72.86,73.305,72.415,72.565,-1
747,2018-08-10,72.08,72.37,71.44,71.88,-1
748,2018-08-13,72.06,72.28,71.01,71.1,-1
749,2018-08-14,71.375,72.15,71.075,71.615,-1
750,2018-08-15,69.9,71.335,69.9,70.88,-1
751,2018-08-16,71.365,71.54,70.68,71.105,-1
752,2018-08-17,71.0,72.12,70.85,71.875,-1
753,2018-08-20,72.01,72.895,71.64,72.825,-1
754,2018-08-21,72.97,73.575,72.66,73.05,-1
755,2018-08-22,73.145,73.29,72.61,72.965,-1
756,2018-08-23,72.94,73.165,72.585,72.745,-1
757,2018-08-24,73.255,73.255,72.115,72.77,-1
758,2018-08-27,73.175,73.36,72.74,72.81,-1
759,2018-08-28,73.0,73.205,72.38,72.58,-1
760,2018-08-29,72.56,73.815,72.535,73.635,-1
761,2018-08-30,73.485,73.66,72.675,72.97,-1
762,2018-08-31,72.815,72.97,72.27,72.64,-1
763,2018-09-04,72.02,72.88,71.035,72.05,-1
764,2018-09-05,71.995,72.775,71.585,72.695,-1
765,2018-09-06,73.03,74.015,72.455,73.845,-1
766,2018-09-07,72.27,74.345,72.27,73.63,-1
767,2018-09-10,72.375,74.445,72.375,73.91,-1
768,2018-09-11,72.56,74.675,72.56,74.19,-1
769,2018-09-12,74.185,75.11,73.545,75.03,-1
770,2018-09-13,75.32,75.96,74.745,75.25,-1
771,2018-09-14,75.435,76.125,75.05,75.77,-1
772,2018-09-17,75.625,76.7,75.6,75.96,-1
773,2018-09-18,79.715,79.715,75.765,76.165,-1
774,2018-09-19,76.27,77.295,75.82,76.825,-1
775,2018-09-20,77.525,77.91,76.325,76.73,-1
776,2018-09-21,77.005,77.81,76.135,77.6,-1
777,2018-09-24,77.955,78.035,77.1,77.275,-1
778,2018-09-25,77.43,77.76,76.805,77.395,-1
779,2018-09-26,76.44,77.5,75.375,76.985,-1
780,2018-09-27,75.915,77.405,75.915,76.47,-1
781,2018-09-28,76.45,77.005,75.755,76.5,-1
782,2018-10-01,76.885,77.215,76.15,77.055,-1
783,2018-10-02,76.99,77.635,76.775,77.245,-1
784,2018-10-03,77.505,77.99,77.115,77.615,-1
785,2018-10-04,77.56,78.31,77.085,77.845,-1
786,2018-10-05,77.79,77.89,76.395,76.545,-1
787,2018-10-08,76.32,77.245,76.02,77.115,-1
788,2018-10-09,76.805,77.54,76.325,76.67,-1
789,2018-10-10,75.505,76.9,74.1,74.27,-1
790,2018-10-11,73.085,74.24,70.82,72.215,-1
791,2018-10-12,73.265,73.965,70.595,72.01,-1
792,2018-10-15,72.105,73.36,71.825,72.94,-1
793,2018-10-16,73.575,74.445,72.53,74.305,-1
794,2018-10-17,74.67,74.925,72.94,73.85,-1
795,2018-10-18,69.99,74.325,69.85,73.085,-1
796,2018-10-19,73.39,73.58,72.125,72.295,-1
797,2018-10-22,77.07,77.695,75.67,77.205,-1
798,2018-10-23,75.92,76.395,75.0,75.825,-1
799,2018-10-24,75.795,76.145,72.425,72.49,-1
800,2018-10-25,75.435,75.765,73.08,75.215,-1
801,2018-10-26,74.07,74.93,73.13,73.91,-1
802,2018-10-29,75.01,75.68,71.055,72.38,-1
803,2018-10-30,72.435,74.305,72.165,74.165,-1
804,2018-10-31,75.005,77.365,74.9,75.085,-1
805,2018-11-01,75.27,76.29,74.855,75.505,-1
806,2018-11-02,77.29,77.59,74.785,75.05,-1
807,2018-11-05,76.83,77.16,74.96,76.83,-1
808,2018-11-06,76.935,79.715,75.665,79.54,-1
809,2018-11-07,80.16,80.96,79.26,80.89,-1
810,2018-11-08,82.015,82.015,79.175,79.425,-1
811,2018-11-09,76.89,79.43,76.76,77.24,-1
812,2018-11-12,76.99,77.6,74.935,75.12,-1
813,2018-11-13,75.375,76.69,74.39,74.66,-1
814,2018-11-14,75.365,75.615,72.725,73.295,-1
815,2018-11-15,74.385,75.4,72.665,75.045,-1
816,2018-11-16,74.7,75.275,73.875,74.175,-1
817,2018-11-19,72.13,74.635,72.015,72.115,-1
818,2018-11-20,69.965,71.055,61.78,65.715,-1
819,2018-11-21,65.945,66.865,64.54,65.21,-1
820,2018-11-23,64.245,65.535,63.82,64.7,-1
821,2018-11-26,65.135,65.735,63.77,65.25,-1
822,2018-11-27,64.87,65.405,64.175,64.715,-1
823,2018-11-28,64.83,66.35,63.39,66.19,-1
824,2018-11-29,65.92,66.935,64.795,65.1,-1
825,2018-11-30,64.9,65.975,64.845,65.59,-1
826,2018-12-03,68.565,68.565,65.845,65.97,-1
827,2018-12-04,65.76,66.615,62.11,62.8,-1
828,2018-12-06,61.745,62.395,60.05,60.93,-1
829,2018-12-07,62.815,62.815,59.415,59.73,-1
830,2018-12-10,58.125,60.07,57.74,58.84,-1
831,2018-12-11,63.69,63.69,59.485,59.925,-1
832,2018-12-12,61.465,62.125,60.78,60.855,-1
833,2018-12-13,60.91,61.175,59.375,59.89,-1
834,2018-12-14,59.22,59.435,58.405,58.735,-1
835,2018-12-17,60.21,60.21,57.535,57.89,-1
836,2018-12-18,58.425,59.185,57.46,57.755,-1
837,2018-12-19,61.295,61.295,56.905,57.41,-1
838,2018-12-20,57.295,58.15,56.3,57.05,-1
839,2018-12-21,56.36,57.905,55.545,55.725,-1
840,2018-12-24,55.87,56.565,55.205,55.28,-1
841,2018-12-26,56.145,57.94,55.1,57.875,-1
842,2018-12-27,54.515,58.35,54.515,58.335,-1
843,2018-12-28,58.495,58.625,57.355,57.52,-1
844,2018-12-31,57.855,58.54,57.555,58.54,-1
845,2019-01-02,56.405,58.9,56.405,58.53,-1
846,2019-01-03,60.66,60.66,56.885,57.29,-1
847,2019-01-04,59.705,60.08,58.0,59.535,-1
848,2019-01-07,59.5,59.91,58.93,59.51,-1
849,2019-01-08,60.17,60.37,59.3,59.63,-1
850,2019-01-09,61.555,62.57,59.81,60.16,-1
851,2019-01-10,59.825,60.775,59.72,60.735,-1
852,2019-01-11,60.325,60.665,59.795,60.445,-1
853,2019-01-14,60.065,60.495,59.275,60.105,-1
854,2019-01-15,60.775,60.83,59.455,59.965,-1
855,2019-01-16,58.885,60.58,58.885,59.68,-1
856,2019-01-17,57.43,60.995,57.43,60.54,-1
857,2019-01-18,61.275,62.83,61.27,62.495,-1
858,2019-01-22,61.6,62.775,61.26,61.775,-1
859,2019-01-23,61.925,62.77,61.345,61.725,-1
860,2019-01-24,61.715,62.33,61.19,62.16,-1
861,2019-01-25,62.555,63.835,62.035,63.755,-1
862,2019-01-28,61.35,63.935,61.35,63.105,-1
863,2019-01-29,64.625,64.625,62.88,62.95,-1
864,2019-01-30,64.385,64.385,62.715,63.93,-1
865,2019-01-31,63.96,64.84,63.695,64.77,-1
866,2019-02-01,64.84,65.655,64.49,65.385,-1
867,2019-02-04,63.9,66.535,63.9,66.52,-1
868,2019-02-05,65.31,67.275,65.31,66.82,-1
869,2019-02-06,66.965,68.225,65.73,68.01,-1
870,2019-02-07,67.365,67.705,64.5,65.23,-1
871,2019-02-08,64.745,65.89,64.085,65.72,-1
872,2019-02-11,65.455,66.135,65.08,65.735,-1
873,2019-02-12,66.74,67.96,65.78,67.64,-1
874,2019-02-13,68.955,68.995,67.09,68.445,-1
875,2019-02-14,67.965,68.335,67.34,67.905,-1
876,2019-02-15,68.265,69.055,68.09,68.72,-1
877,2019-02-19,68.405,71.285,67.8,71.245,-1
878,2019-02-20,71.54,73.835,71.065,73.715,-1
879,2019-02-21,73.62,74.34,73.325,73.78,-1
880,2019-02-22,74.125,74.495,73.675,74.445,-1
881,2019-02-25,73.205,75.24,73.205,74.84,-1
882,2019-02-26,74.815,75.235,74.535,74.795,-1
883,2019-02-27,74.85,75.25,74.05,74.8,-1
884,2019-02-28,74.715,74.9,73.765,73.78,-1
885,2019-03-01,74.405,74.625,73.355,74.02,-1
886,2019-03-04,74.225,74.77,73.035,73.65,-1
887,2019-03-05,73.775,73.81,72.93,73.0,-1
888,2019-03-06,73.01,73.075,72.195,72.26,-1
889,2019-03-07,72.075,72.445,71.42,72.115,-1
890,2019-03-08,70.13,72.02,70.13,71.92,-1
891,2019-03-11,71.87,73.21,70.865,73.04,-1
892,2019-03-12,73.16,73.835,72.385,73.075,-1
893,2019-03-13,74.74,74.74,72.915,73.29,-1
894,2019-03-14,73.145,73.47,72.68,73.095,-1
895,2019-03-15,73.15,74.355,73.05,73.825,-1
896,2019-03-18,73.845,74.665,73.72,74.35,-1
897,2019-03-19,74.49,75.46,73.62,73.765,-1
898,2019-03-20,73.69,74.53,72.86,73.73,-1
899,2019-03-21,73.455,75.125,73.3,74.685,-1
900,2019-03-22,74.46,74.46,72.77,73.08,-1
901,2019-03-25,73.045,73.675,72.445,73.205,-1
902,2019-03-26,73.78,74.16,72.885,73.75,-1
903,2019-03-27,73.845,74.38,73.215,73.45,-1
904,2019-03-28,73.63,75.02,73.565,74.935,-1
905,2019-03-29,76.215,76.38,74.835,75.2,-1
906,2019-04-01,76.33,77.2,75.69,77.08,-1
907,2019-04-02,75.74,77.095,75.74,76.6,-1
908,2019-04-03,76.965,77.26,76.05,76.26,-1
909,2019-04-04,76.36,76.53,75.76,76.145,-1
910,2019-04-05,76.29,77.075,76.23,76.73,-1
911,2019-04-08,76.56,76.93,76.155,76.7,-1
912,2019-04-09,76.325,76.46,75.375,75.565,-1
913,2019-04-10,75.725,75.835,74.885,75.515,-1
914,2019-04-11,75.66,76.54,75.365,76.375,-1
915,2019-04-12,76.86,77.385,76.625,76.995,-1
916,2019-04-15,76.99,77.29,76.26,76.43,-1
917,2019-04-16,76.745,77.405,76.61,77.125,-1
918,2019-04-17,77.36,77.585,76.53,76.725,-1
919,2019-04-18,76.835,77.505,76.705,76.94,-1
920,2019-04-22,77.36,78.865,76.03,78.71,-1
921,2019-04-23,78.885,80.595,78.6,80.33,-1
922,2019-04-24,80.575,81.16,79.415,79.44,-1
923,2019-04-25,78.975,79.165,78.13,78.37,-1
924,2019-04-26,78.355,79.105,77.865,78.965,-1
925,2019-04-29,79.115,79.315,78.445,78.465,-1
926,2019-04-30,78.645,79.02,77.64,77.935,-1
927,2019-05-01,78.145,78.725,77.58,77.585,-1
928,2019-05-02,76.87,77.405,75.645,76.755,-1
929,2019-05-03,77.395,77.935,76.935,77.01,-1
930,2019-05-06,75.66,77.02,74.88,76.99,-1
931,2019-05-07,76.025,79.105,75.845,78.225,-1
932,2019-05-08,78.36,80.455,78.11,79.035,-1
933,2019-05-09,78.42,79.24,77.64,78.615,-1
934,2019-05-10,78.175,79.085,77.025,78.665,-1
935,2019-05-13,77.575,78.495,75.51,75.795,-1
936,2019-05-14,76.305,77.27,75.93,76.495,-1
937,2019-05-15,75.965,77.2,75.275,76.815,-1
938,2019-05-16,78.435,78.435,77.04,77.485,-1
939,2019-05-17,76.845,77.66,76.52,76.54,-1
940,2019-05-20,76.15,76.725,75.45,76.065,-1
941,2019-05-21,76.46,77.5,76.46,77.475,-1
942,2019-05-22,77.09,77.33,76.55,76.775,-1
943,2019-05-23,72.39,75.715,72.08,75.2,-1
944,2019-05-24,76.67,76.67,75.22,75.86,-1
945,2019-05-28,76.395,76.395,74.71,74.715,-1
946,2019-05-29,72.75,74.85,72.555,73.87,-1
947,2019-05-30,73.995,75.5,73.815,75.175,-1
948,2019-05-31,71.21,75.3,71.21,75.27,-1
949,2019-06-03,75.635,76.935,75.3,76.83,-1
950,2019-06-04,77.455,79.315,76.85,78.925,-1
951,2019-06-05,77.45,80.195,77.45,80.04,-1
952,2019-06-06,80.085,80.29,79.15,79.62,-1
953,2019-06-07,79.955,80.48,79.235,79.39,-1
954,2019-06-10,79.71,80.98,79.68,80.11,-1
955,2019-06-11,80.585,81.415,78.025,78.35,-1
956,2019-06-12,77.705,78.61,77.49,77.845,-1
957,2019-06-13,78.23,78.86,77.99,78.335,-1
958,2019-06-14,78.23,78.7,77.88,78.315,-1
959,2019-06-17,78.48,78.925,77.975,78.21,-1
960,2019-06-18,78.835,79.985,78.56,79.86,-1
961,2019-06-19,79.86,80.76,79.705,80.605,-1
962,2019-06-20,81.555,82.505,81.25,81.885,-1
963,2019-06-21,81.705,82.36,81.015,82.33,-1
964,2019-06-24,82.3,82.85,81.435,81.965,-1
965,2019-06-25,82.095,82.63,82.065,82.305,-1
966,2019-06-26,84.095,84.54,82.415,82.8,-1
967,2019-06-27,83.1,84.07,83.0,83.965,-1
968,2019-06-28,84.135,84.555,83.58,84.365,-1
969,2019-07-01,85.37,85.7,84.06,84.83,-1
970,2019-07-02,84.685,84.96,83.815,84.39,-1
971,2019-07-03,84.53,84.875,83.74,84.82,-1
972,2019-07-05,82.98,84.755,82.98,84.71,-1
973,2019-07-08,84.37,84.545,83.515,83.555,-1
974,2019-07-09,81.74,84.175,81.74,84.0,-1
975,2019-07-10,84.79,84.79,83.595,83.815,-1
976,2019-07-11,83.91,84.115,83.17,84.03,-1
977,2019-07-12,84.21,85.49,83.96,85.2,-1
978,2019-07-15,85.35,85.53,84.595,84.77,-1
979,2019-07-16,84.78,85.835,84.6,85.755,-1
980,2019-07-17,85.735,85.845,84.61,84.74,-1
981,2019-07-18,84.585,84.77,83.39,83.93,-1
982,2019-07-19,84.16,84.795,83.895,83.94,-1
983,2019-07-22,84.185,84.665,83.905,84.125,-1
984,2019-07-23,84.41,84.935,83.785,84.92,-1
985,2019-07-24,83.56,85.665,83.36,85.645,-1
986,2019-07-25,85.445,85.51,84.42,84.55,-1
987,2019-07-26,84.64,85.12,84.555,84.98,-1
988,2019-07-29,84.68,85.02,84.03,84.175,-1
989,2019-07-30,83.68,84.46,83.23,84.24,-1
990,2019-07-31,84.18,84.735,82.035,82.475,-1
991,2019-08-01,81.465,82.845,80.415,80.58,-1
992,2019-08-02,81.985,81.985,79.005,79.615,-1
993,2019-08-05,82.175,83.465,77.695,80.99,-1
994,2019-08-06,81.525,84.41,80.91,84.23,-1
995,2019-08-07,80.515,83.88,80.13,83.605,-1
996,2019-08-08,83.83,85.935,82.835,85.57,-1
997,2019-08-09,85.69,86.435,84.395,85.92,-1
998,2019-08-12,85.55,86.22,82.705,82.96,-1
999,2019-08-13,82.915,84.88,81.795,83.91,-1
1000,2019-08-14,79.57,82.375,78.97,80.76,-1
1001,2019-08-15,81.145,82.21,80.485,81.68,-1
1002,2019-08-16,82.25,83.68,81.9,83.485,-1
1003,2019-08-19,84.52,84.915,83.975,84.015,-1
1004,2019-08-20,83.3,84.71,82.785,83.585,-1
1005,2019-08-21,84.445,86.155,84.32,86.03,-1
1006,2019-08-22,86.295,87.485,85.785,86.55,-1
1007,2019-08-23,84.77,87.01,84.64,85.04,-1
1008,2019-08-26,86.59,86.59,84.645,85.65,-1
1009,2019-08-27,86.025,86.51,84.55,84.96,-1
1010,2019-08-28,86.275,86.275,84.01,85.515,-1
1011,2019-08-29,86.395,88.275,86.01,87.8,-1
1012,2019-08-30,88.265,88.98,87.97,88.835,-1
1013,2019-09-03,85.875,89.305,85.875,89.295,-1
1014,2019-09-04,90.23,91.205,89.73,90.88,-1
1015,2019-09-05,91.575,92.275,91.115,91.34,-1
1016,2019-09-06,87.905,92.705,87.905,92.335,-1
1017,2019-09-09,92.64,93.96,91.985,92.145,-1
1018,2019-09-10,92.08,92.295,89.34,89.955,-1
1019,2019-09-11,90.52,90.885,88.955,89.8,-1
1020,2019-09-12,88.235,90.755,88.235,90.35,-1
1021,2019-09-13,91.32,91.83,90.495,91.19,-1
1022,2019-09-16,90.945,92.985,90.725,92.67,-1
1023,2019-09-17,92.305,93.92,91.265,93.565,-1
1024,2019-09-18,93.26,94.085,92.55,93.165,-1
1025,2019-09-19,93.84,93.85,91.67,92.225,-1
1026,2019-09-20,92.405,93.12,91.385,91.7,-1
1027,2019-09-23,91.715,92.005,90.16,91.32,-1
1028,2019-09-24,88.835,91.895,88.835,90.46,-1
1029,2019-09-25,87.21,91.565,87.21,91.275,-1
1030,2019-09-26,91.31,92.225,90.405,91.0,-1
1031,2019-09-27,90.71,92.015,90.395,90.71,-1
1032,2019-09-30,89.6,91.915,89.6,91.515,-1
1033,2019-10-01,91.855,92.65,89.29,89.5,-1
1034,2019-10-02,88.785,89.12,86.96,87.91,-1
1035,2019-10-03,83.935,88.155,83.935,88.005,-1
1036,2019-10-04,88.255,89.91,87.875,89.83,-1
1037,2019-10-07,89.64,90.11,88.7,88.91,-1
1038,2019-10-08,88.465,89.42,86.96,88.345,-1
1039,2019-10-09,91.74,91.74,88.44,89.025,-1
1040,2019-10-10,91.865,91.865,88.66,89.675,-1
1041,2019-10-11,90.74,92.62,90.305,91.84,-1
1042,2019-10-14,88.82,92.25,88.82,91.33,-1
1043,2019-10-15,91.49,93.03,90.57,92.605,-1
1044,2019-10-16,92.285,92.465,91.34,91.875,-1
1045,2019-10-17,92.345,93.605,92.24,93.255,-1
1046,2019-10-18,93.16,93.305,92.28,92.895,-1
1047,2019-10-21,93.535,94.41,92.745,93.12,-1
1048,2019-10-22,93.175,94.1,92.085,93.5,-1
1049,2019-10-23,93.51,93.885,92.55,92.9,-1
1050,2019-10-24,93.185,93.855,93.035,93.36,-1
1051,2019-10-25,93.2,94.07,92.95,93.91,-1
1052,2019-10-28,94.31,94.815,93.255,94.395,-1
1053,2019-10-29,91.58,95.055,91.58,94.28,-1
1054,2019-10-30,94.505,94.98,93.895,94.845,-1
1055,2019-10-31,94.72,95.035,93.045,93.615,-1
1056,2019-11-01,95.01,96.365,93.435,96.08,-1
1057,2019-11-04,96.82,97.59,96.445,96.965,-1
1058,2019-11-05,98.22,98.22,96.08,97.33,-1
1059,2019-11-06,97.385,98.3,96.16,96.92,-1
1060,2019-11-07,97.375,98.18,95.465,95.695,-1
1061,2019-11-08,95.785,95.92,94.42,94.58,-1
1062,2019-11-11,93.945,95.55,93.64,95.09,-1
1063,2019-11-12,95.115,95.765,94.905,95.22,-1
1064,2019-11-13,95.075,95.075,93.02,93.215,-1
1065,2019-11-14,93.215,94.74,92.85,94.51,-1
1066,2019-11-15,93.705,95.08,93.23,94.32,-1
1067,2019-11-18,93.03,94.39,92.745,93.7,-1
1068,2019-11-19,93.63,95.21,93.63,94.515,-1
1069,2019-11-20,94.415,94.83,93.635,94.24,-1
1070,2019-11-21,94.32,94.77,93.01,93.28,-1
1071,2019-11-22,93.675,94.18,93.02,93.37,-1
1072,2019-11-25,95.375,95.475,90.39,90.785,-1
1073,2019-11-26,92.18,92.18,89.165,91.49,-1
1074,2019-11-27,92.06,93.44,90.755,92.54,-1
1075,2019-11-29,92.165,92.825,91.605,92.09,-1
1076,2019-12-02,92.305,93.09,89.295,89.365,-1
1077,2019-12-03,88.17,88.875,87.345,88.635,-1
1078,2019-12-04,88.855,89.4,86.24,86.31,-1
1079,2019-12-05,86.735,87.115,85.4,85.645,-1
1080,2019-12-06,85.925,86.53,84.48,85.035,-1
1081,2019-12-09,85.0,85.845,84.635,85.81,-1
1082,2019-12-10,85.32,87.19,84.495,87.16,-1
1083,2019-12-11,88.075,88.35,87.05,88.14,-1
1084,2019-12-12,88.315,90.145,88.01,90.015,-1
1085,2019-12-13,90.12,90.77,89.27,90.06,-1
1086,2019-12-16,93.96,93.96,88.885,89.25,-1
1087,2019-12-17,89.93,90.34,89.28,89.43,-1
1088,2019-12-18,89.515,89.515,87.78,88.395,-1
1089,2019-12-19,88.56,88.73,87.635,88.51,-1
1090,2019-12-20,88.82,90.345,88.275,90.005,-1
1091,2019-12-23,90.39,90.87,89.8,90.43,-1
1092,2019-12-24,90.27,90.475,89.53,89.63,-1
1093,2019-12-26,89.75,90.105,89.52,90.08,-1
1094,2019-12-27,90.375,90.43,89.42,89.555,-1
1095,2019-12-30,89.585,90.025,89.15,89.605,-1
1096,2019-12-31,89.595,90.41,89.285,89.84,-1
1097,2020-01-02,90.15,90.29,88.65,90.265,-1
1098,2020-01-03,89.33,90.975,89.13,90.865,-1
1099,2020-01-06,90.47,91.125,90.19,90.715,-1
1100,2020-01-07,90.34,91.255,89.455,91.04,-1
1101,2020-01-08,90.915,91.705,89.47,89.515,-1
1102,2020-01-09,89.81,90.925,89.265,90.9,-1
1103,2020-01-10,90.82,91.595,90.265,90.62,-1
1104,2020-01-13,90.79,91.415,90.285,91.145,-1
1105,2020-01-14,90.935,93.11,90.5,92.59,-1
1106,2020-01-15,92.425,93.31,91.36,92.83,-1
1107,2020-01-16,93.73,94.34,92.83,93.465,-1
1108,2020-01-17,94.025,94.63,93.11,93.995,-1
1109,2020-01-21,93.58,94.98,92.735,94.815,-1
1110,2020-01-22,96.475,96.475,93.38,94.83,-1
1111,2020-01-23,94.585,96.325,93.8,96.085,-1
1112,2020-01-24,96.2,97.915,96.015,97.0,-1
1113,2020-01-27,96.05,96.48,94.66,95.27,-1
1114,2020-01-28,95.43,95.89,94.67,94.86,-1
1115,2020-01-29,94.925,95.4,94.54,94.775,-1
1116,2020-01-30,94.035,94.675,93.34,94.505,-1
1117,2020-01-31,94.355,94.375,92.305,92.525,-1
1118,2020-02-03,94.015,94.35,92.44,93.03,-1
1119,2020-02-04,93.8,95.535,91.385,95.45,-1
1120,2020-02-05,96.61,97.065,95.37,96.76,-1
1121,2020-02-06,96.84,97.0,95.53,96.01,-1
1122,2020-02-07,95.9,96.51,94.925,95.815,-1
1123,2020-02-10,95.565,97.355,95.4,97.065,-1
1124,2020-02-11,97.42,98.205,97.145,97.73,-1
1125,2020-02-12,97.895,99.585,97.79,99.255,-1
1126,2020-02-13,99.015,99.75,97.83,99.25,-1
1127,2020-02-14,99.245,100.66,98.985,100.625,-1
1128,2020-02-18,99.35,101.71,99.35,100.585,-1
1129,2020-02-19,100.95,101.705,100.685,101.425,-1
1130,2020-02-20,101.91,102.555,101.065,102.06,-1
1131,2020-02-21,101.665,103.995,101.35,103.88,-1
1132,2020-02-24,101.8,103.25,99.775,101.995,-1
1133,2020-02-25,102.145,102.295,98.635,98.725,-1
1134,2020-02-26,97.745,101.415,97.745,99.845,-1
1135,2020-02-27,98.3,98.51,93.295,93.295,-1
1136,2020-02-28,90.675,92.51,88.625,92.385,-1
1137,2020-03-02,92.975,97.08,90.275,96.875,-1
1138,2020-03-03,96.72,101.78,95.62,97.71,-1
1139,2020-03-04,98.96,101.37,98.205,101.27,-1
1140,2020-03-05,100.885,100.885,96.425,97.33,-1
1141,2020-03-06,94.755,95.545,91.405,94.05,-1
1142,2020-03-09,86.14,90.96,83.74,89.95,-1
1143,2020-03-10,90.485,92.5,88.415,92.29,-1
1144,2020-03-11,90.095,90.365,85.87,88.095,-1
1145,2020-03-12,82.5,100035.22,76.8,78.995,-1
1146,2020-03-13,83.1,87.1,80.665,86.325,-1
1147,2020-03-16,78.615,81.78,72.925,77.99,-1
1148,2020-03-17,79.365,81.325,76.36,80.515,-1
1149,2020-03-18,75.835,81.02,65.26,78.755,-1
1150,2020-03-19,78.025,78.025,72.785,73.87,-1
1151,2020-03-20,74.68,75.885,65.42,65.855,-1
1152,2020-03-23,65.015,65.855,59.195,63.0,-1
1153,2020-03-24,65.945,70.84,65.31,69.59,-1
1154,2020-03-25,69.075,76.7,68.345,73.24,-1
1155,2020-03-26,73.94,80.47,73.71,79.605,-1
1156,2020-03-27,77.245,78.42,73.975,75.06,-1
1157,2020-03-30,73.625,79.735,73.595,78.05,-1
1158,2020-03-31,78.16,82.255,75.86,79.335,-1
1159,2020-04-01,76.515,79.645,75.31,78.48,-1
1160,2020-04-02,78.84,82.6,77.63,81.19,-1
1161,2020-04-03,80.48,81.715,76.72,78.93,-1
1162,2020-04-06,81.56,84.84,81.055,83.32,-1
1163,2020-04-07,85.36,86.72,81.76,81.845,-1
1164,2020-04-08,82.765,83.74,80.17,81.0,-1
1165,2020-04-09,82.035,83.76,79.625,81.265,-1
1166,2020-04-13,80.875,81.285,79.0,79.895,-1
1167,2020-04-14,81.4,82.835,80.475,81.86,-1
1168,2020-04-15,80.435,80.585,78.685,79.99,-1
1169,2020-04-16,79.92,80.425,77.885,79.04,-1
1170,2020-04-17,80.895,85.09,80.895,84.23,-1
1171,2020-04-20,83.07,83.985,80.08,80.68,-1
1172,2020-04-21,79.625,80.475,77.835,78.225,-1
1173,2020-04-22,80.96,81.5,79.065,79.535,-1
1174,2020-04-23,80.09,81.61,79.58,79.76,-1
1175,2020-04-24,79.87,80.32,78.675,80.005,-1
1176,2020-04-27,80.65,81.56,79.58,79.74,-1
1177,2020-04-28,81.105,84.5,81.105,83.495,-1
1178,2020-04-29,85.06,86.055,82.62,82.74,-1
1179,2020-04-30,82.675,83.625,80.92,82.72,-1
1180,2020-05-01,81.785,82.145,79.475,80.8,-1
1181,2020-05-04,79.79,81.205,78.165,81.06,-1
1182,2020-05-05,81.775,82.805,81.245,81.465,-1
1183,2020-05-06,82.085,83.515,77.295,78.255,-1
1184,2020-05-07,79.615,80.205,76.895,78.61,-1
1185,2020-05-08,78.97,80.685,78.97,80.01,-1
1186,2020-05-11,79.615,80.565,78.075,78.545,-1
1187,2020-05-12,78.825,79.29,74.66,74.705,-1
1188,2020-05-13,74.28,75.025,71.09,72.01,-1
1189,2020-05-14,70.91,71.955,69.1,71.595,-1
1190,2020-05-15,70.525,72.365,70.02,72.145,-1
1191,2020-05-18,74.82,77.845,74.085,77.345,-1
1192,2020-05-19,77.065,77.45,74.095,74.275,-1
1193,2020-05-20,75.375,76.755,74.75,76.38,-1
1194,2020-05-21,76.395,77.42,75.95,76.945,-1
1195,2020-05-22,76.49,77.34,76.025,77.115,-1
1196,2020-05-26,78.72,81.2,78.405,80.665,-1
1197,2020-05-27,81.57,84.375,81.51,84.17,-1
1198,2020-05-28,84.81,85.265,83.415,84.305,-1
1199,2020-05-29,83.86,84.54,82.435,84.025,-1
1200,2020-06-01,83.775,85.765,83.005,85.12,-1
1201,2020-06-02,85.68,86.08,84.575,85.39,-1
1202,2020-06-03,86.405,88.615,86.055,87.84,-1
1203,2020-06-04,87.645,87.645,86.47,87.555,-1
1204,2020-06-05,89.92,91.485,88.655,89.085,-1
1205,2020-06-08,88.94,90.325,88.56,89.525,-1
1206,2020-06-09,88.51,89.265,87.535,88.585,-1
1207,2020-06-10,89.03,89.03,84.795,84.925,-1
1208,2020-06-11,82.785,82.785,79.56,80.165,-1
1209,2020-06-12,82.47,83.125,78.485,80.505,-1
1210,2020-06-15,78.51,82.68,78.405,82.46,-1
1211,2020-06-16,85.645,88.18,84.51,85.195,-1
1212,2020-06-17,85.655,86.36,84.825,85.45,-1
1213,2020-06-18,84.735,85.645,84.36,85.145,-1
1214,2020-06-19,86.4,87.49,84.915,85.615,-1
1215,2020-06-22,85.2,86.195,83.48,85.705,-1
1216,2020-06-23,86.405,87.245,85.26,85.33,-1
1217,2020-06-24,84.455,84.66,82.435,82.86,-1
1218,2020-06-25,82.43,83.745,81.595,83.645,-1
1219,2020-06-26,83.05,83.6,81.72,82.565,-1
1220,2020-06-29,82.985,84.975,82.505,84.87,-1
1221,2020-06-30,84.285,85.46,84.16,84.76,-1
1222,2020-07-01,85.455,86.13,83.605,83.925,-1
1223,2020-07-02,85.08,86.52,84.59,85.7,-1
1224,2020-07-06,86.34,87.305,84.53,84.925,-1
1225,2020-07-07,84.335,84.87,83.325,83.53,-1
1226,2020-07-08,83.255,84.555,80.87,81.615,-1
1227,2020-07-09,81.725,82.675,78.84,78.865,-1
1228,2020-07-10,79.365,79.945,78.2,78.63,-1
1229,2020-07-13,79.57,80.375,78.555,78.71,-1
1230,2020-07-14,78.26,80.05,77.805,79.05,-1
1231,2020-07-15,79.985,81.74,79.6,81.245,-1
1232,2020-07-16,81.02,83.34,81.02,82.685,-1
1233,2020-07-17,83.04,83.845,82.83,83.535,-1
1234,2020-07-20,83.18,83.33,82.42,82.985,-1
1235,2020-07-21,83.49,84.51,83.065,83.98,-1
1236,2020-07-22,83.585,84.76,83.515,84.45,-1
1237,2020-07-23,84.175,85.545,84.065,84.67,-1
1238,2020-07-24,84.615,85.18,83.705,83.955,-1
1239,2020-07-27,83.78,84.45,82.985,84.225,-1
1240,2020-07-28,84.08,84.55,83.395,83.73,-1
1241,2020-07-29,84.24,86.735,83.885,86.72,-1
1242,2020-07-30,85.86,86.07,84.7,85.39,-1
1243,2020-07-31,85.395,85.78,83.57,85.425,-1
1244,2020-08-03,86.175,91.43,84.98,90.5,-1
1245,2020-08-04,90.605,92.515,90.11,92.325,-1
1246,2020-08-05,92.695,93.36,91.755,92.16,-1
1247,2020-08-06,91.69,92.285,90.01,90.435,-1
1248,2020-08-07,90.305,91.425,89.725,91.285,-1
1249,2020-08-10,91.255,91.61,90.455,91.16,-1
1250,2020-08-11,92.27,92.695,90.425,90.995,-1
1251,2020-08-12,92.195,92.475,90.135,90.44,-1
1252,2020-08-13,89.935,90.835,89.205,89.955,-1
1253,2020-08-14,89.375,90.305,89.255,90.015,-1
1254,2020-08-17,90.05,90.21,89.415,89.99,-1
1255,2020-08-18,90.135,90.505,89.325,89.88,-1
1256,2020-08-19,89.47,90.25,88.515,89.84,-1
