,Date,Ticker,Conf Up,Conf Dwn,Green,Red,Green_Close,Red_Close,Price,Open.S,% up,% down
0,2020-01-14,ADI,0.0001832689013099298,54.84114456176758,999,999,999,999,119.52999877929688,,88.0,100.0
1,2020-01-14,BDX,0.0,99.983642578125,0,1,1,0,275.95999145507807,,100.0,97.62
2,2020-01-14,CBRE,1.042218804359436,67.27796936035156,999,999,999,999,60.27999877929688,,96.0,88.64
3,2020-01-14,CPRI,27.05228042602539,9.6637544631958,999,999,999,999,36.0,,92.86,89.36
4,2020-01-14,CVX,0.0,99.12078094482422,0,1,1,0,116.3000030517578,,92.31,88.33
5,2020-01-14,EMR,0.0,100.0,0,1,1,0,76.87000274658203,,100.0,92.5
6,2020-01-14,ETN,0.3534923791885376,0.12473197281360626,999,999,999,999,94.0999984741211,,90.74,93.44
7,2020-01-14,FFIV,8.878861427307129,0.11799037456512451,999,999,999,999,136.10000610351562,,92.86,88.89
8,2020-01-14,GILD,99.99913024902344,0.0,1,0,0,1,64.19999694824219,,94.83,93.94
9,2020-01-14,HBAN,0.0,99.9999771118164,0,1,1,0,14.600000381469727,,100.0,97.06
10,2020-01-14,HOLX,0.0,99.98607635498047,0,1,1,0,53.52999877929688,,89.66,88.24
11,2020-01-14,HSIC,5.44659087609034e-06,68.07552337646484,999,999,999,999,67.47000122070311,,93.33,95.45
12,2020-01-14,JNPR,1.858223640738288e-06,99.9630126953125,0,1,1,0,24.459999084472656,,87.5,93.94
13,2020-01-14,LEG,0.0,100.0,0,1,1,0,50.66999816894531,,100.0,88.89
14,2020-01-14,MMM,0.0,99.99923706054688,0,1,1,0,181.3699951171875,,88.89,89.83
15,2020-01-14,NEM,0.0,100.0,0,1,1,0,42.83000183105469,,92.86,100.0
16,2020-01-14,NTAP,0.005206465721130371,99.92424011230469,0,1,1,0,63.77999877929688,,98.95,94.38
17,2020-01-14,PSX,1.714364771032706e-05,99.92103576660156,0,1,1,0,106.37999725341795,,88.0,100.0
18,2020-01-14,RF,99.99500274658203,0.36410415172576904,1,0,0,1,16.489999771118164,,96.55,88.89
19,2020-01-14,SNA,0.0,100.0,0,1,1,0,168.47000122070312,,100.0,91.02
20,2020-01-14,TPR,6.258487701416016e-05,99.39228057861328,0,1,1,0,28.6299991607666,,93.33,98.08
21,2020-01-14,UPS,0.0,100.0,0,1,1,0,117.2699966430664,,89.58,92.5
22,2020-01-14,WAT,0.0,100.0,0,1,1,0,232.0800018310547,,100.0,94.23
23,2020-01-14,WRK,0.0,100.0,0,1,1,0,42.560001373291016,,90.0,96.35
24,2020-01-14,WU,3.5244436730863526e-05,4.666639597417088e-06,999,999,999,999,26.670000076293945,,96.88,99.05
25,2020-01-14,ZION,1.102339865610702e-05,99.99987030029297,0,1,1,0,51.41999816894531,,100.0,100.0
26,2020-01-15,ADI,31.97076988220215,1.0460600606165826e-05,999,999,999,999,117.51000213623048,,88.0,100.0
27,2020-01-15,BDX,0.0,99.9714584350586,0,1,1,0,277.29998779296875,,96.72,100.0
28,2020-01-15,CBRE,0.052523404359817505,92.82269287109375,0,0,1,0,60.38999938964844,,96.0,88.89
29,2020-01-15,CPRI,0.0003830244531854987,98.93473052978516,0,1,1,0,35.849998474121094,,92.86,89.58
30,2020-01-15,CVX,0.0,98.94979858398438,0,1,1,0,116.12999725341795,,92.31,88.52
31,2020-01-15,EMR,0.0,99.99998474121094,0,1,1,0,76.66000366210938,,100.0,92.59
32,2020-01-15,ETN,0.05349219962954521,0.9002633094787598,999,999,999,999,93.9000015258789,,90.74,93.44
33,2020-01-15,FFIV,3.5133156776428223,1.0198407173156738,999,999,999,999,136.1199951171875,,92.86,88.89
34,2020-01-15,GILD,99.99699401855469,0.0,1,0,0,1,64.09999847412111,,94.87,93.94
35,2020-01-15,HBAN,1.5615821666870033e-06,99.99990844726562,0,1,1,0,14.460000038146973,,100.0,97.08
36,2020-01-15,HSIC,0.0,99.9884262084961,0,1,1,0,68.5,,93.33,95.56
37,2020-01-15,JNPR,0.0,99.97856903076172,0,1,1,0,24.479999542236328,,87.5,93.98
38,2020-01-15,LEG,5.924827746639494e-06,100.0,0,1,1,0,50.9900016784668,,100.0,88.97
39,2020-01-15,MMM,0.0,99.99944305419922,0,1,1,0,179.77999877929688,,88.89,90.0
40,2020-01-15,NEM,0.0,100.0,0,1,1,0,43.52000045776367,,93.33,100.0
41,2020-01-15,NTAP,0.0011553966905921698,99.93341827392578,0,1,1,0,64.19000244140625,,98.95,94.44
42,2020-01-15,PSX,0.0001463149965275079,98.91928100585938,0,1,1,0,104.88999938964844,,88.0,100.0
43,2020-01-15,RF,99.9999771118164,3.0646162940684007e-06,1,0,0,1,16.309999465942386,,96.61,88.89
44,2020-01-15,SNA,0.0,100.0,0,1,1,0,167.1699981689453,,100.0,91.07
45,2020-01-15,TPR,5.37219193574856e-06,99.98131561279297,0,1,1,0,28.559999465942386,,93.33,98.11
46,2020-01-15,UPS,0.0,100.0,0,1,1,0,117.93000030517578,,89.58,92.59
47,2020-01-15,WAT,0.0,100.0,0,1,1,0,234.3600006103516,,100.0,94.34
48,2020-01-15,WRK,0.0,100.0,0,1,1,0,42.650001525878906,,90.0,96.38
49,2020-01-15,WU,2.52963127422845e-06,0.09297064691781998,999,999,999,999,27.06999969482422,,96.88,99.05
50,2020-01-15,ZION,5.2527524530887604e-05,99.99783325195312,0,1,1,0,50.36999893188477,,100.0,100.0
51,2020-01-16,ADI,7.101429218892008e-05,4.693533420562744,999,999,999,999,119.12999725341795,,88.0,100.0
52,2020-01-16,ALLE,0.0,99.97779846191406,0,1,1,0,128.50999450683594,,97.37,100.0
53,2020-01-16,BDX,0.0,98.24639129638672,0,1,1,0,276.8699951171875,,92.96,100.0
54,2020-01-16,CBRE,0.002204233082011342,98.79415893554688,0,1,1,0,60.79999923706055,,96.15,88.64
55,2020-01-16,CPRI,0.0006405083695426583,93.75582122802734,0,0,1,0,37.310001373291016,,92.86,89.8
56,2020-01-16,CVX,0.0,99.97295379638672,0,1,1,0,116.88999938964844,,92.31,88.71
57,2020-01-16,EMR,0.0,100.0,0,1,1,0,77.87000274658203,,100.0,92.5
58,2020-01-16,ETN,0.015850979834794998,2.0223143100738525,999,999,999,999,94.81999969482422,,90.74,93.44
59,2020-01-16,FFIV,0.0015311483293771744,99.88634490966797,0,1,1,0,138.67999267578122,,92.86,89.19
60,2020-01-16,GILD,100.0,0.0,1,0,0,1,63.20000076293945,,94.92,93.94
61,2020-01-16,HBAN,0.0,100.0,0,1,1,0,14.65999984741211,,100.0,97.09
62,2020-01-16,HSIC,0.0,99.99919891357422,0,1,1,0,69.37999725341797,,93.33,95.65
63,2020-01-16,JNPR,0.0,99.99946594238281,0,1,1,0,24.899999618530273,,87.5,94.01
64,2020-01-16,LEG,0.0,100.0,0,1,1,0,51.58000183105469,,100.0,89.04
65,2020-01-16,MAS,0.0,99.99927520751953,0,1,1,0,48.9000015258789,,93.18,93.94
66,2020-01-16,MMM,0.0,99.99910736083984,0,1,1,0,181.00999450683602,,88.89,90.16
67,2020-01-16,NEM,0.0,100.0,0,1,1,0,43.81999969482422,,93.75,100.0
68,2020-01-16,NTAP,7.582596481370274e-06,99.98056030273438,0,1,1,0,65.37999725341797,,98.95,94.51
69,2020-01-16,PAYX,0.0,99.9990463256836,0,1,1,0,87.97000122070312,,92.86,88.89
70,2020-01-16,PSX,0.005545417312532663,28.992494583129883,999,999,999,999,103.79000091552734,,88.0,100.0
71,2020-01-16,RF,99.46772766113281,0.0005692382692359388,1,0,0,1,16.649999618530273,,96.67,88.89
72,2020-01-16,SNA,0.0,100.0,0,1,1,0,168.6699981689453,,100.0,91.12
73,2020-01-16,TPR,2.6996031010639854e-06,99.99172973632812,0,1,1,0,28.85000038146973,,93.33,98.15
74,2020-01-16,UPS,0.0,100.0,0,1,1,0,118.61000061035156,,89.58,92.68
75,2020-01-16,WAT,0.0,100.0,0,1,1,0,237.6100006103516,,100.0,94.44
76,2020-01-16,WRK,0.0,100.0,0,1,1,0,43.43999862670898,,90.0,96.4
77,2020-01-16,WU,0.0,99.98594665527344,0,1,1,0,27.59000015258789,,96.88,99.05
78,2020-01-16,ZION,0.0010934764286503196,98.31407165527344,0,1,1,0,50.7400016784668,,100.0,100.0
79,2020-01-17,ADI,0.042175278067588806,0.06304395943880081,999,999,999,999,119.47000122070312,,90.91,97.14
80,2020-01-17,BDX,0.0,99.18898010253906,0,1,1,0,277.07998657226557,,91.78,100.0
81,2020-01-17,CBRE,3.103895505773835e-05,99.78026580810547,0,1,1,0,61.02999877929688,,96.3,93.02
82,2020-01-17,CPRI,19.79298973083496,25.575851440429688,999,999,999,999,36.790000915527344,,92.86,89.8
83,2020-01-17,CVX,0.0,92.50177001953125,0,0,1,0,115.58000183105469,,92.31,88.89
84,2020-01-17,EMR,0.0,100.0,0,1,1,0,77.77999877929688,,100.0,92.59
85,2020-01-17,ETN,0.0,95.67085266113281,0,0,1,0,95.68000030517578,,90.74,95.08
86,2020-01-17,FFIV,92.36209106445312,0.003916111774742603,0,0,0,1,137.0,,93.02,89.19
87,2020-01-17,GILD,100.0,0.0,1,0,0,1,62.97999954223633,,95.76,93.94
88,2020-01-17,HBAN,0.0,99.99995422363281,0,1,1,0,14.710000038146973,,100.0,97.11
89,2020-01-17,HSIC,0.0,99.99942779541016,0,1,1,0,69.29000091552734,,93.33,95.74
90,2020-01-17,JNPR,0.0,99.99998474121094,0,1,1,0,24.70000076293945,,87.5,94.05
91,2020-01-17,LEG,0.0,100.0,0,1,1,0,51.20000076293945,,100.0,89.12
92,2020-01-17,MMM,0.0,99.9963607788086,0,1,1,0,181.3500061035156,,88.89,90.32
93,2020-01-17,NEM,0.0,94.04688262939453,0,0,1,0,43.47999954223633,,93.75,100.0
94,2020-01-17,NTAP,0.6184784173965454,97.8612289428711,0,1,1,0,62.41999816894531,,98.95,94.57
95,2020-01-17,NTRS,0.0,99.99979400634766,0,1,1,0,109.37999725341795,,100.0,91.61
96,2020-01-17,PAYX,0.0,99.99958038330078,0,1,1,0,88.23999786376953,,90.48,95.65
97,2020-01-17,PSX,0.41820475459098816,3.655348777770996,999,999,999,999,103.30999755859376,,88.0,100.0
98,2020-01-17,RF,99.99644470214844,2.2834972241980722e-06,1,0,0,1,16.389999389648438,,96.72,88.89
99,2020-01-17,SNA,0.0,100.0,0,1,1,0,170.0,,100.0,91.18
100,2020-01-17,TPR,2.1867303985345643e-06,99.99395751953125,0,1,1,0,28.88999938964844,,93.33,98.18
101,2020-01-17,UPS,0.0,100.0,0,1,1,0,118.5999984741211,,89.58,92.77
102,2020-01-17,WAT,0.0,100.0,0,1,1,0,239.6000061035156,,100.0,94.55
103,2020-01-17,WRK,0.0,100.0,0,1,1,0,43.68000030517578,,90.0,96.43
104,2020-01-17,WU,0.0,99.99967956542969,0,1,1,0,27.770000457763672,,97.06,99.06
105,2020-01-17,ZION,0.00018542338511906564,99.98965454101562,0,1,1,0,50.7400016784668,,100.0,100.0
106,2020-01-21,BDX,0.0,99.52791595458984,0,1,1,0,277.52999877929693,,92.0,100.0
107,2020-01-21,CBRE,1.1221216482226737e-05,99.9397964477539,0,1,1,0,61.099998474121094,,96.43,92.86
108,2020-01-21,CPRI,9.468371391296387,72.29138946533203,999,999,999,999,36.66999816894531,,92.86,88.0
109,2020-01-21,CVX,0.029011905193328857,0.054887931793928146,999,999,999,999,113.30999755859376,,92.31,88.89
110,2020-01-21,EMR,0.0,100.0,0,1,1,0,77.25,,100.0,92.68
111,2020-01-21,ETN,0.0018859333358705044,1.2954822778701782,999,999,999,999,94.5199966430664,,90.74,95.0
112,2020-01-21,FFIV,99.39859771728516,0.0014553384389728308,1,0,0,1,135.03999328613278,,93.18,89.19
113,2020-01-21,GILD,100.0,0.0,1,0,0,1,62.63000106811523,,95.76,94.12
114,2020-01-21,HBAN,0.0,100.0,0,1,1,0,14.609999656677244,,100.0,97.13
115,2020-01-21,HSIC,0.0,99.99998474121094,0,1,1,0,69.61000061035156,,93.33,95.83
116,2020-01-21,JNPR,6.389084319380345e-06,12.758721351623535,999,999,999,999,24.520000457763672,,87.5,94.05
117,2020-01-21,LEG,0.0,100.0,0,1,1,0,51.13999938964844,,100.0,89.19
118,2020-01-21,MMM,0.0,99.99815368652344,0,1,1,0,179.38999938964844,,88.89,90.48
119,2020-01-21,NEM,0.0,100.0,0,1,1,0,43.709999084472656,,93.75,100.0
120,2020-01-21,NTAP,0.3071838319301605,82.27197265625,0,0,1,0,60.56000137329102,,98.95,94.62
121,2020-01-21,PSX,17.796655654907227,0.12485998123884201,999,999,999,999,102.33999633789062,,88.0,100.0
122,2020-01-21,RF,99.99984741210938,0.0,1,0,0,1,16.25,,96.77,88.89
123,2020-01-21,SNA,0.0,100.0,0,1,1,0,168.80999755859375,,100.0,91.23
124,2020-01-21,TPR,2.2698974134982564e-05,99.98076629638672,0,1,1,0,28.36000061035156,,93.33,98.21
125,2020-01-21,UPS,0.0,100.0,0,1,1,0,117.38999938964844,,89.58,92.86
126,2020-01-21,WAT,0.0,100.0,0,1,1,0,243.6699981689453,,100.0,94.64
127,2020-01-21,WRK,0.0,100.0,0,1,1,0,41.599998474121094,,90.0,96.45
128,2020-01-21,WU,0.0,99.9399185180664,0,1,1,0,27.31999969482422,,97.06,99.07
129,2020-01-21,ZION,0.00019523387891240418,99.99588775634766,0,1,1,0,49.9000015258789,,100.0,100.0
130,2020-01-22,AWK,0.0,99.99987030029297,0,1,1,0,134.05000305175778,,100.0,87.5
131,2020-01-22,CBRE,3.2782554626464844e-05,99.54865264892578,0,1,1,0,60.90999984741211,,96.55,92.68
132,2020-01-22,CPRI,96.15689849853516,2.0078673362731934,1,0,0,1,36.41999816894531,,93.02,88.0
133,2020-01-22,CVX,0.1366257667541504,0.0037044286727905273,999,999,999,999,112.9000015258789,,92.31,88.89
134,2020-01-22,EMR,0.0,99.9999771118164,0,1,1,0,77.0199966430664,,100.0,92.77
135,2020-01-22,FFIV,99.99991607666016,0.0,1,0,0,1,132.27999877929688,,93.33,89.19
136,2020-01-22,GILD,100.0,0.0,1,0,0,1,63.4000015258789,,95.8,94.12
137,2020-01-22,HBAN,0.0,100.0,0,1,1,0,14.729999542236328,,100.0,97.14
138,2020-01-22,HSIC,0.0,100.0,0,1,1,0,70.73999786376953,,93.33,95.92
139,2020-01-22,JNPR,0.0,99.99668884277344,0,1,1,0,24.420000076293945,,87.5,94.08
140,2020-01-22,LEG,0.0,100.0,0,1,1,0,51.43999862670898,,100.0,89.26
141,2020-01-22,MMM,0.0,99.99894714355469,0,1,1,0,178.02999877929688,,88.89,90.62
142,2020-01-22,NEM,0.0,100.0,0,1,1,0,43.77999877929688,,94.12,100.0
143,2020-01-22,NTAP,0.5872777700424194,98.93869018554688,0,1,1,0,60.47000122070313,,98.95,94.68
144,2020-01-22,PSX,14.806571960449219,0.007158517837524414,999,999,999,999,101.86000061035156,,88.0,100.0
145,2020-01-22,RF,99.99998474121094,0.0,1,0,0,1,16.219999313354492,,96.83,88.89
146,2020-01-22,SNA,0.0,100.0,0,1,1,0,167.64999389648438,,100.0,91.28
147,2020-01-22,TPR,0.0015844467561692,96.17462921142578,0,0,1,0,27.649999618530273,,93.33,98.25
148,2020-01-22,UPS,0.0,100.0,0,1,1,0,117.26000213623048,,89.58,92.94
149,2020-01-22,WAT,0.0,100.0,0,1,1,0,244.08999633789062,,100.0,94.74
150,2020-01-22,WRK,0.0,100.0,0,1,1,0,41.65999984741211,,90.0,96.48
151,2020-01-22,WU,0.0,99.99856567382812,0,1,1,0,27.57999992370605,,97.06,99.07
152,2020-01-22,ZION,0.017017126083374023,98.81790924072266,0,1,1,0,47.84000015258789,,100.0,100.0
153,2020-01-23,CBRE,0.00012850806524511427,99.79551696777344,0,1,1,0,60.84000015258789,,96.67,92.68
154,2020-01-23,CPRI,3.947450876235962,30.300872802734375,999,999,999,999,36.5,,93.02,88.0
155,2020-01-23,CVX,0.05323779582977295,0.034347351640462875,999,999,999,999,113.0999984741211,,92.31,88.89
156,2020-01-23,EMR,0.0,100.0,0,1,1,0,77.58999633789062,,100.0,92.86
157,2020-01-23,FFIV,0.04011499509215355,59.05946350097656,999,999,999,999,133.96000671386722,,93.33,89.47
158,2020-01-23,GILD,99.99932861328125,0.0,1,0,0,1,63.93999862670898,,95.83,94.12
159,2020-01-23,HBAN,2.133346924892976e-06,99.54777526855469,0,1,1,0,14.270000457763672,,100.0,97.16
160,2020-01-23,HSIC,0.0,100.0,0,1,1,0,71.0,,93.33,96.0
161,2020-01-23,JNPR,0.0,99.93083190917969,0,1,1,0,24.489999771118164,,87.5,94.12
162,2020-01-23,LEG,0.0,100.0,0,1,1,0,51.31000137329102,,100.0,89.33
163,2020-01-23,MMM,0.0,99.99922180175781,0,1,1,0,177.74000549316406,,88.89,90.77
164,2020-01-23,NEM,0.0,100.0,0,1,1,0,43.70000076293945,,94.12,100.0
165,2020-01-23,NTAP,0.7937464714050293,97.42095184326172,0,1,1,0,60.56999969482422,,98.95,94.74
166,2020-01-23,PSX,7.165841579437256,0.003361089387908578,999,999,999,999,102.08000183105469,,88.0,100.0
167,2020-01-23,RF,100.0,0.0,1,0,0,1,16.170000076293945,,96.88,88.89
168,2020-01-23,SNA,0.0,100.0,0,1,1,0,168.44000244140625,,100.0,91.33
169,2020-01-23,TPR,1.915747816383373e-06,99.99951171875,0,1,1,0,27.940000534057607,,93.33,98.28
170,2020-01-23,UNP,1.883128334156936e-06,99.99944305419922,0,1,1,0,187.19000244140625,,90.91,92.11
171,2020-01-23,UPS,0.0,100.0,0,1,1,0,116.93000030517578,,89.58,93.02
172,2020-01-22,WAT,0.0,100.0,0,1,1,0,244.08999633789062,,100.0,94.74
173,2020-01-23,WRK,0.0,100.0,0,1,1,0,42.04999923706055,,90.0,96.5
174,2020-01-23,WU,0.0,99.99885559082031,0,1,1,0,27.75,,97.06,99.08
175,2020-01-23,ZION,0.0019289427436888218,99.99022674560547,0,1,1,0,47.790000915527344,,100.0,100.0
176,2020-01-24,CBRE,0.000849431031383574,99.10893249511719,0,1,1,0,60.77000045776367,,96.67,92.68
177,2020-01-24,CPRI,95.2828369140625,0.12253212183713913,1,0,0,1,35.380001068115234,,93.18,88.0
178,2020-01-24,CVX,70.75880432128906,5.821101240144344e-06,999,999,999,999,111.8499984741211,,92.59,88.89
179,2020-01-24,EMR,0.0,99.99971008300781,0,1,1,0,76.69999694824219,,100.0,92.94
180,2020-01-24,FFIV,4.891076564788818,0.16863179206848145,999,999,999,999,135.82000732421878,,93.33,89.47
181,2020-01-24,GILD,100.0,0.0,1,0,0,1,63.1500015258789,,95.87,94.12
182,2020-01-24,HBAN,0.0,99.99967956542969,0,1,1,0,13.720000267028807,,100.0,97.18
183,2020-01-24,HSIC,0.0,100.0,0,1,1,0,71.19999694824219,,93.33,96.08
184,2020-01-24,JNPR,0.0,99.95125579833984,0,1,1,0,24.57999992370605,,87.5,94.15
185,2020-01-24,LEG,0.0,100.0,0,1,1,0,50.88000106811523,,100.0,89.4
186,2020-01-24,MMM,0.0,99.9993667602539,0,1,1,0,178.14999389648438,,88.89,90.91
187,2020-01-24,NEM,0.0,100.0,0,1,1,0,44.290000915527344,,89.66,100.0
188,2020-01-24,NTAP,35.52934646606445,32.040916442871094,999,999,999,999,59.81000137329102,,98.95,94.74
189,2020-01-24,PSX,0.0,99.93632507324219,0,1,1,0,100.31999969482422,,88.0,100.0
190,2020-01-24,RF,7.415369327645749e-05,100.0,0,1,1,0,15.720000267028807,,96.88,88.97
191,2020-01-24,SNA,0.0,100.0,0,1,1,0,165.97000122070312,,100.0,91.38
192,2020-01-24,TPR,0.00017691047105472535,99.76292419433594,0,1,1,0,27.290000915527344,,93.33,98.31
193,2020-01-24,UPS,0.0,100.0,0,1,1,0,116.66000366210938,,89.58,93.1
194,2020-01-24,WAT,0.0,100.0,0,1,1,0,237.52999877929688,,100.0,94.83
195,2020-01-24,WRK,0.0,100.0,0,1,1,0,40.93999862670898,,90.0,96.53
196,2020-01-24,WU,8.068492206803057e-06,44.70208740234375,999,999,999,999,27.10000038146973,,94.44,99.08
197,2020-01-24,ZION,0.0003719843225553632,99.99958038330078,0,1,1,0,46.63000106811523,,100.0,100.0
198,2020-01-27,CBRE,0.0014207897474989295,95.20338439941406,0,0,1,0,60.43999862670898,,96.67,95.0
199,2020-01-27,CPRI,42.51487731933594,14.284431457519531,999,999,999,999,33.389999389648445,,93.18,88.0
200,2020-01-27,CVX,0.0,100.0,0,1,1,0,110.38999938964844,,92.59,89.06
201,2020-01-27,EMR,0.0,100.0,0,1,1,0,73.73999786376953,,100.0,93.98
202,2020-01-27,FFIV,0.8709136247634888,0.10240355879068375,999,999,999,999,132.69999694824222,,93.33,89.47
203,2020-01-27,GILD,99.99980926513672,0.0,1,0,0,1,63.83000183105469,,95.9,94.12
204,2020-01-27,HBAN,0.0,100.0,0,1,1,0,13.489999771118164,,100.0,97.19
205,2020-01-27,HSIC,0.0,100.0,0,1,1,0,70.79000091552734,,93.33,96.15
206,2020-01-27,JNPR,0.0,99.99996185302734,0,1,1,0,24.46999931335449,,87.5,94.19
207,2020-01-27,LEG,0.0,100.0,0,1,1,0,49.68999862670898,,100.0,89.47
208,2020-01-27,MMM,0.0,99.85841369628906,0,1,1,0,175.6300048828125,,88.89,91.04
209,2020-01-27,NTAP,63.3476448059082,87.73925018310547,0,0,1,0,58.15999984741211,,97.92,94.79
210,2020-01-27,PSX,9.877241609501652e-06,96.76341247558594,0,0,1,0,96.91999816894531,,91.67,100.0
211,2020-01-27,RF,0.0002755551249720156,100.0,0,1,1,0,15.449999809265135,,96.88,89.05
212,2020-01-27,SNA,0.0,99.99983215332031,0,1,1,0,162.89999389648438,,100.0,91.43
213,2020-01-27,TPR,0.008782744407653809,31.809410095214844,999,999,999,999,26.239999771118164,,93.33,98.31
214,2020-01-27,UPS,0.0,100.0,0,1,1,0,114.91999816894531,,89.58,93.18
215,2020-01-27,WAT,0.0,100.0,0,1,1,0,232.3699951171875,,100.0,94.92
216,2020-01-27,WRK,0.0,100.0,0,1,1,0,40.06999969482422,,90.0,96.55
217,2020-01-27,WU,2.3441539269697387e-06,84.54296875,0,0,1,0,27.149999618530273,,94.59,99.09
218,2020-01-27,ZION,0.0014168848283588886,99.99970245361328,0,1,1,0,46.459999084472656,,100.0,100.0
219,2020-01-28,CBRE,1.6345187759725377e-05,99.99298095703125,0,1,1,0,61.459999084472656,,96.88,95.0
220,2020-01-28,CPRI,99.92028045654297,0.06932482123374939,1,0,0,1,32.689998626708984,,93.33,88.0
221,2020-01-28,CVX,0.0,100.0,0,1,1,0,111.12000274658205,,92.59,89.23
222,2020-01-28,EMR,0.0,100.0,0,1,1,0,74.43000030517578,,100.0,95.12
223,2020-01-28,FFIV,99.38189697265625,3.7468591472133994e-05,1,0,0,1,126.0,,93.48,89.47
224,2020-01-28,GILD,99.9375991821289,6.966215551074129e-06,1,0,0,1,64.36000061035156,,95.93,94.12
225,2020-01-28,HBAN,0.00011967353930231184,99.99723815917969,0,1,1,0,13.600000381469727,,100.0,97.21
226,2020-01-28,HSIC,0.0,100.0,0,1,1,0,70.41000366210938,,93.33,96.23
227,2020-01-28,JNPR,0.0,99.9990234375,0,1,1,0,23.26000022888184,,90.0,96.43
228,2020-01-28,LEG,0.0,100.0,0,1,1,0,50.209999084472656,,100.0,89.54
229,2020-01-28,MMM,0.0,47.288536071777344,999,999,999,999,165.5800018310547,,88.89,91.04
230,2020-01-28,NTAP,33.16094207763672,93.51994323730469,0,0,1,0,56.91999816894531,,97.92,94.85
231,2020-01-28,PSX,6.451088847825304e-05,89.28035736083984,0,0,1,0,96.69000244140624,,91.67,100.0
232,2020-01-28,RF,0.00037251930916681886,100.0,0,1,1,0,15.529999732971193,,96.88,89.13
233,2020-01-28,SNA,0.0,100.0,0,1,1,0,164.8000030517578,,100.0,91.48
234,2020-01-28,TPR,0.27410656213760376,0.5508576035499573,999,999,999,999,26.399999618530273,,93.33,98.31
235,2020-01-28,UPS,0.0,100.0,0,1,1,0,115.37000274658205,,89.58,93.26
236,2020-01-28,WAT,0.0,100.0,0,1,1,0,235.8600006103516,,100.0,95.0
237,2020-01-28,WRK,0.0,100.0,0,1,1,0,40.5,,90.0,96.58
238,2020-01-28,WU,0.0,99.96377563476562,0,1,1,0,27.489999771118164,,94.74,99.09
239,2020-01-28,ZION,0.03879751265048981,98.96533966064453,0,1,1,0,47.09000015258789,,100.0,100.0
240,2020-01-29,CBRE,3.5409182601142675e-05,99.87399291992188,0,1,1,0,61.45000076293945,,97.06,95.12
241,2020-01-29,CPRI,3.2857730388641357,4.734372138977051,999,999,999,999,32.009998321533196,,93.33,88.24
242,2020-01-29,CVX,0.0,100.0,0,1,1,0,110.37000274658205,,92.59,89.39
243,2020-01-29,EMR,0.0,100.0,0,1,1,0,73.91000366210938,,100.0,96.34
244,2020-01-29,FFIV,99.77527618408203,0.0005308421677909791,1,0,0,1,125.66000366210938,,93.62,89.47
245,2020-01-29,GILD,99.98558807373047,0.0001246954925591126,1,0,0,1,64.30000305175781,,95.97,94.12
246,2020-01-29,HBAN,0.000253501784754917,99.99921417236328,0,1,1,0,13.479999542236328,,100.0,97.22
247,2020-01-29,HSIC,0.0,100.0,0,1,1,0,70.44999694824219,,93.33,96.3
248,2020-01-29,JNPR,0.0,99.99980926513672,0,1,1,0,22.76000022888184,,90.0,96.45
249,2020-01-29,LEG,0.0,100.0,0,1,1,0,49.36000061035156,,100.0,89.61
250,2020-01-29,MMM,1.6683787180227228e-05,11.621896743774414,999,999,999,999,162.0,,88.89,91.04
251,2020-01-29,NTAP,99.856201171875,5.165977954864502,1,0,0,1,55.540000915527344,,96.91,94.85
252,2020-01-29,PSX,0.0,76.18331146240234,999,999,999,999,95.8000030517578,,95.65,100.0
253,2020-01-29,RF,0.0016363373724743724,100.0,0,1,1,0,15.399999618530273,,96.88,89.21
254,2020-01-29,SNA,0.0,100.0,0,1,1,0,164.92999267578125,,100.0,91.53
255,2020-01-29,TPR,0.004326417576521635,16.329843521118164,999,999,999,999,26.76000022888184,,93.33,98.31
256,2020-01-29,UPS,99.95895385742188,0.0003328315506223589,1,0,0,1,115.76000213623048,,89.8,93.26
257,2020-01-29,WAT,0.0,100.0,0,1,1,0,234.00999450683602,,100.0,95.08
258,2020-01-29,WRK,0.0,100.0,0,1,1,0,40.61000061035156,,90.0,96.6
259,2020-01-29,WU,0.0,95.34345245361328,0,0,1,0,27.51000022888184,,92.5,99.09
260,2020-01-29,ZION,0.0004496870969887823,99.99921417236328,0,1,1,0,46.36999893188477,,100.0,100.0
261,2020-01-30,CBRE,0.0,99.99685668945312,0,1,1,0,61.88000106811523,,89.47,97.06
262,2020-01-30,CPRI,70.71672821044922,0.007990713231265545,999,999,999,999,31.3799991607666,,93.48,88.24
263,2020-01-30,CVX,0.0,100.0,0,1,1,0,111.4000015258789,,92.59,89.55
264,2020-01-30,EMR,0.0,100.0,0,1,1,0,73.83000183105469,,100.0,96.39
265,2020-01-30,FFIV,0.022397493943572044,83.59170532226562,0,0,1,0,125.12000274658205,,93.62,89.74
266,2020-01-30,GILD,99.99935913085938,6.002470399835147e-06,1,0,0,1,64.02999877929689,,96.0,94.12
267,2020-01-30,HBAN,5.8851487665378954e-06,99.99991607666016,0,1,1,0,13.75,,100.0,97.74
268,2020-01-30,HSIC,0.0,100.0,0,1,1,0,71.47000122070312,,93.33,96.36
269,2020-01-30,JNPR,0.0,99.99983215332031,0,1,1,0,22.920000076293945,,90.0,96.47
270,2020-01-30,LEG,0.0,100.0,0,1,1,0,49.36999893188477,,100.0,89.68
271,2020-01-30,MMM,0.0,93.21723937988281,0,0,1,0,162.50999450683594,,88.89,91.18
272,2020-01-30,NTAP,99.8597412109375,2.5335426330566406,1,0,0,1,54.849998474121094,,96.94,94.85
273,2020-01-30,OXY,0.0,99.8496322631836,0,1,1,0,40.59000015258789,,95.74,98.57
274,2020-01-30,PSX,3.657788329292089e-05,98.7303695678711,0,1,1,0,96.41000366210938,,95.65,100.0
275,2020-01-30,RF,0.0003252250899095088,100.0,0,1,1,0,15.609999656677244,,96.88,89.29
276,2020-01-30,SNA,0.0,99.99993896484375,0,1,1,0,163.33999633789062,,100.0,91.57
277,2020-01-30,TPR,0.007373238448053598,13.913530349731445,999,999,999,999,26.63999938964844,,93.33,98.31
278,2020-01-30,UPS,0.0,100.0,0,1,1,0,108.0,,89.8,93.33
279,2020-01-30,WAT,0.0,100.0,0,1,1,0,228.80999755859366,,100.0,95.16
280,2020-01-30,WRK,6.565232069988269e-06,100.0,0,1,1,0,40.02000045776367,,90.0,96.62
281,2020-01-30,WU,0.0,99.9571533203125,0,1,1,0,27.60000038146973,,90.24,99.1
282,2020-01-30,ZION,0.0007212096825242043,99.99775695800781,0,1,1,0,46.7599983215332,,100.0,100.0
283,2020-01-31,BXP,0.0,100.0,0,1,1,0,143.35000610351562,,100.0,88.61
284,2020-01-31,CBRE,0.0001008001490845345,95.99309539794922,0,0,1,0,61.04999923706055,,87.18,97.14
285,2020-01-31,CPRI,0.01279250904917717,2.9379286766052246,999,999,999,999,29.959999084472656,,93.48,88.24
286,2020-01-31,CVX,0.0,100.0,0,1,1,0,107.13999938964844,,92.59,89.71
287,2020-01-31,EMR,0.0,99.99996185302734,0,1,1,0,71.62999725341797,,100.0,96.43
288,2020-01-31,FFIV,96.69447326660156,0.04205860197544098,1,0,0,1,122.12000274658205,,93.75,89.74
289,2020-01-31,GILD,100.0,0.0,1,0,0,1,63.20000076293945,,96.03,94.12
290,2020-01-31,HBAN,8.348198753083125e-05,99.99874877929688,0,1,1,0,13.56999969482422,,100.0,97.75
291,2020-01-31,HSIC,0.0,99.99976348876953,0,1,1,0,68.94000244140625,,93.33,96.43
292,2020-01-31,JNPR,0.0,99.99998474121094,0,1,1,0,22.940000534057607,,90.0,96.49
293,2020-01-31,LEG,2.508060106265475e-06,100.0,0,1,1,0,47.59000015258789,,100.0,89.74
294,2020-01-31,MMM,0.0007762782624922693,0.6320381164550781,999,999,999,999,158.66000366210938,,88.89,91.18
295,2020-01-31,NTAP,99.90306854248047,0.7812210321426392,1,0,0,1,53.4000015258789,,95.96,94.85
296,2020-01-31,OXY,2.0722393401229056e-06,99.58573913574219,0,1,1,0,39.72000122070313,,95.74,98.59
297,2020-01-31,PSX,0.0,94.80137634277344,0,0,1,0,91.37000274658205,,95.45,99.29
298,2020-01-31,RF,0.0004917455371469259,100.0,0,1,1,0,15.56999969482422,,96.88,89.36
299,2020-01-31,SNA,0.0035136938095092773,87.66539001464844,0,0,1,0,159.6300048828125,,100.0,91.06
300,2020-01-31,TPR,0.013265923596918583,9.616828918457031,999,999,999,999,25.770000457763672,,93.33,98.31
301,2020-01-31,UPS,0.0,99.95292663574219,0,1,1,0,103.5199966430664,,89.8,93.41
302,2020-01-31,WAT,0.0,99.99861907958984,0,1,1,0,223.7899932861328,,100.0,95.24
303,2020-01-31,WRK,0.0006758627132512629,99.99982452392578,0,1,1,0,39.0,,90.0,96.64
304,2020-01-31,WU,0.00027314567705616355,14.25041389465332,999,999,999,999,26.899999618530273,,90.24,99.1
305,2020-01-31,ZION,0.0020682094618678093,98.98674774169922,0,1,1,0,45.4900016784668,,100.0,100.0
306,2020-02-03,BXP,0.0,100.0,0,1,1,0,143.1699981689453,,100.0,90.54
307,2020-02-03,CPRI,99.99976348876953,0.0,1,0,0,1,29.81999969482422,,93.62,88.24
308,2020-02-03,CVX,0.0,100.0,0,1,1,0,106.27999877929688,,92.59,89.86
309,2020-02-03,EMR,0.0,99.99998474121094,0,1,1,0,72.5999984741211,,100.0,96.47
310,2020-02-03,FFIV,2.1151959896087646,3.2554893493652344,999,999,999,999,121.7699966430664,,93.75,89.74
311,2020-02-03,GILD,0.030866265296936035,99.96353149414062,0,1,1,0,66.36000061035156,,96.03,94.29
312,2020-02-03,HBAN,0.0,100.0,0,1,1,0,13.720000267028807,,100.0,97.77
313,2020-02-03,HSIC,0.0,99.99999237060547,0,1,1,0,69.62000274658203,,93.33,96.49
314,2020-02-03,IT,81.39788818359375,0.004932284355163574,0,0,0,1,163.85000610351562,,100.0,90.91
315,2020-02-03,JNPR,0.0,99.99998474121094,0,1,1,0,23.149999618530273,,90.0,96.51
316,2020-02-03,LEG,0.0,100.0,0,1,1,0,46.959999084472656,,100.0,89.81
317,2020-02-03,MMM,2.9802322387695312e-06,89.54374694824219,0,0,1,0,156.58999633789062,,88.89,91.3
318,2020-02-03,NTAP,95.01183319091797,54.607242584228516,1,0,0,1,54.040000915527344,,95.0,94.9
319,2020-02-03,OXY,0.0,99.82371520996094,0,1,1,0,40.08000183105469,,95.74,98.61
320,2020-02-03,PSX,0.00011920928955078125,46.110042572021484,999,999,999,999,88.97000122070312,,95.45,99.3
321,2020-02-03,RF,4.76837158203125e-05,100.0,0,1,1,0,15.859999656677244,,96.88,89.44
322,2020-02-03,SNA,0.0,99.99889373779297,0,1,1,0,161.82000732421875,,100.0,91.11
323,2020-02-03,TPR,0.0008528628968633711,96.63721466064453,0,0,1,0,26.03000068664551,,93.33,98.33
324,2020-02-03,UPS,0.0,99.99562072753906,0,1,1,0,102.02999877929688,,89.8,91.4
325,2020-02-03,WAT,0.0,99.99993133544922,0,1,1,0,226.0500030517578,,100.0,95.31
326,2020-02-03,WRK,9.486263297731057e-05,99.99998474121094,0,1,1,0,39.47000122070313,,90.0,96.67
327,2020-02-03,WU,0.0,1.3011515140533447,999,999,999,999,27.09000015258789,,90.24,99.1
328,2020-02-03,ZION,9.5367431640625e-05,99.9786148071289,0,1,1,0,46.11000061035156,,100.0,100.0
329,2020-02-05,CPRI,65.75018310546875,0.061735011637210846,999,999,999,999,33.310001373291016,,93.75,88.24
330,2020-02-05,CVX,0.0,100.0,0,1,1,0,110.27999877929688,,92.59,90.0
331,2020-02-05,EMR,9.720196430862416e-06,99.99715423583984,0,1,1,0,76.01000213623047,,100.0,96.43
332,2020-02-05,FFIV,0.013687480241060257,23.92986488342285,999,999,999,999,125.2300033569336,,93.75,89.74
333,2020-02-05,GILD,2.5657052993774414,99.73269653320312,0,1,1,0,65.87000274658203,,96.03,94.44
334,2020-02-05,HBAN,0.0,100.0,0,1,1,0,14.09000015258789,,100.0,97.78
335,2020-02-05,HSIC,0.0,100.0,0,1,1,0,71.11000061035156,,93.33,96.55
336,2020-02-05,IT,0.06047462671995163,99.1793212890625,0,1,1,0,154.30999755859375,,100.0,90.32
337,2020-02-05,JNPR,0.0,99.99964141845703,0,1,1,0,23.35000038146973,,90.0,96.53
338,2020-02-05,LEG,0.0,100.0,0,1,1,0,46.88000106811523,,100.0,89.87
339,2020-02-05,MMM,0.0,18.93144989013672,999,999,999,999,162.3300018310547,,88.89,91.3
340,2020-02-05,NTAP,0.0005753026925958693,99.98834991455078,0,1,1,0,57.79999923706055,,95.0,94.95
341,2020-02-05,OXY,1.2062626410624944e-05,99.91741943359375,0,1,1,0,42.11999893188477,,95.74,98.63
342,2020-02-05,PSX,0.0,99.99089050292969,0,1,1,0,92.63999938964844,,95.45,99.31
343,2020-02-05,RF,99.99993896484375,9.523940207145642e-06,1,0,0,1,16.569999694824222,,96.92,89.44
344,2020-02-05,SNA,0.0,99.99998474121094,0,1,1,0,163.74000549316406,,100.0,91.16
345,2020-02-05,TPR,0.003830633359029889,86.37451171875,0,0,1,0,28.38999938964844,,93.33,98.36
346,2020-02-05,UPS,0.0,100.0,0,1,1,0,106.04000091552734,,89.8,91.49
347,2020-02-05,WAT,0.000451580184744671,97.93285369873047,0,1,1,0,220.7400054931641,,100.0,95.38
348,2020-02-05,WRK,0.0,100.0,0,1,1,0,41.7400016784668,,91.67,96.69
349,2020-02-05,ZION,0.019722338765859604,83.30767822265625,0,0,1,0,48.0099983215332,,100.0,100.0
350,2020-02-06,CPRI,99.99991607666016,1.7277424149142462e-06,1,0,0,1,31.34000015258789,,93.88,88.24
351,2020-02-06,CVX,0.0,100.0,0,1,1,0,109.48999786376952,,92.59,90.14
352,2020-02-06,EMR,0.0009240356739610434,98.70330047607422,0,1,1,0,75.25,,100.0,96.47
353,2020-02-06,FFIV,0.4717335104942322,0.22776643931865692,999,999,999,999,123.5999984741211,,93.75,89.74
354,2020-02-06,GILD,0.0005740213673561811,99.99995422363281,0,1,1,0,68.20999908447266,,96.03,94.59
355,2020-02-06,HBAN,0.0,100.0,0,1,1,0,13.970000267028807,,100.0,97.79
356,2020-02-06,HSIC,0.0,100.0,0,1,1,0,70.97000122070312,,93.33,96.61
357,2020-02-06,IT,0.014423524960875511,99.69916534423828,0,1,1,0,154.2899932861328,,100.0,90.38
358,2020-02-06,JNPR,0.0,99.9999771118164,0,1,1,0,23.1200008392334,,90.0,96.55
359,2020-02-06,LEG,2.660955760802608e-05,100.0,0,1,1,0,46.40999984741211,,100.0,89.94
360,2020-02-06,MMM,0.0,94.64595031738281,0,0,1,0,162.88999938964844,,88.89,91.43
361,2020-02-06,NTAP,0.0005758949555456638,99.98680114746094,0,1,1,0,58.1500015258789,,95.0,95.0
362,2020-02-06,OMC,64.63291931152344,3.749604366021231e-05,999,999,999,999,76.58999633789062,,100.0,89.5
363,2020-02-06,OXY,4.269528744771378e-06,99.93048095703125,0,1,1,0,42.11999893188477,,95.74,98.65
364,2020-02-06,PSX,5.058035458205268e-05,97.29137420654297,0,1,1,0,90.22000122070312,,95.45,99.31
365,2020-02-06,RF,100.0,7.032646408333676e-06,1,0,0,1,16.350000381469727,,96.97,89.44
366,2020-02-06,SNA,0.007253247778862715,99.47782897949219,0,1,1,0,160.05999755859375,,100.0,90.66
367,2020-02-06,TPR,0.006916495505720377,99.26010131835938,0,1,1,0,29.0,,93.33,98.39
368,2020-02-06,UPS,0.0,100.0,0,1,1,0,106.51000213623048,,90.0,91.58
369,2020-02-06,WAT,0.0031876973807811737,81.9172134399414,0,0,1,0,220.08999633789062,,100.0,95.45
370,2020-02-06,WRK,0.0,100.0,0,1,1,0,41.66999816894531,,91.67,96.71
371,2020-02-06,ZION,0.08040798455476761,0.8022335171699524,999,999,999,999,47.0099983215332,,100.0,100.0
372,2020-02-07,CPRI,99.94737243652344,0.046831369400024414,1,0,0,1,30.5,,94.0,88.24
373,2020-02-07,CVX,0.0,100.0,0,1,1,0,108.94000244140624,,92.59,90.28
374,2020-02-07,EMR,0.0,100.0,0,1,1,0,73.7699966430664,,100.0,96.51
375,2020-02-07,FFIV,1.0375219583511353,0.4397706985473633,999,999,999,999,123.58000183105469,,93.75,89.74
376,2020-02-07,GILD,0.000242312642512843,99.99998474121094,0,1,1,0,68.87000274658203,,96.03,94.74
377,2020-02-07,HBAN,0.014379620552062988,99.8214111328125,0,1,1,0,13.960000038146973,,100.0,97.8
378,2020-02-07,HSIC,0.0,99.99996185302734,0,1,1,0,69.97000122070311,,93.33,96.67
379,2020-02-07,IT,29.443359375,0.44813546538352966,999,999,999,999,152.5800018310547,,100.0,90.38
380,2020-02-07,JNPR,0.0,100.0,0,1,1,0,23.76000022888184,,90.0,97.02
381,2020-02-07,LEG,6.281925743678585e-05,100.0,0,1,1,0,45.09000015258789,,100.0,90.0
382,2020-02-07,MMM,3.271819878136739e-06,49.679039001464844,999,999,999,999,160.0800018310547,,88.89,91.43
383,2020-02-07,NTAP,0.00019669532775878906,99.99105072021484,0,1,1,0,57.34000015258789,,95.0,95.05
384,2020-02-07,OMC,0.0,100.0,0,1,1,0,75.73999786376953,,100.0,89.55
385,2020-02-07,OXY,7.683795956836548e-06,99.7209701538086,0,1,1,0,41.88999938964844,,95.74,98.67
386,2020-02-07,PSX,0.0,99.99533081054688,0,1,1,0,90.33000183105469,,95.45,99.32
387,2020-02-07,RF,100.0,2.1994053895468824e-05,1,0,0,1,16.319999694824222,,97.01,89.44
388,2020-02-07,SNA,0.0,100.0,0,1,1,0,155.74000549316406,,100.0,92.74
389,2020-02-07,TPR,0.8092343807220459,1.7879068851470947,999,999,999,999,27.96999931335449,,93.33,98.39
390,2020-02-07,UPS,2.342132393096108e-05,84.79480743408203,0,0,1,0,103.12000274658205,,90.0,91.67
391,2020-02-07,WAT,8.003437042236328,0.643031120300293,999,999,999,999,217.3600006103516,,100.0,95.45
392,2020-02-07,WRK,0.0,100.0,0,1,1,0,41.22000122070313,,91.67,96.73
393,2020-02-07,ZION,0.0001773819822119549,99.89366912841797,0,1,1,0,46.22999954223633,,100.0,100.0
394,2020-02-10,CPRI,99.9955062866211,0.0013693338260054588,1,0,0,1,30.06999969482422,,94.12,88.24
395,2020-02-10,CVX,0.0,100.0,0,1,1,0,109.79000091552734,,92.59,90.41
396,2020-02-10,EMR,0.0,100.0,0,1,1,0,73.38999938964844,,100.0,96.55
397,2020-02-10,FFIV,0.23284003138542175,3.2432210445404053,999,999,999,999,126.91000366210938,,93.75,89.74
398,2020-02-10,GILD,9.99104740913026e-05,100.0,0,1,1,0,68.98999786376953,,96.03,92.5
399,2020-02-10,HBAN,2.9630149583681487e-05,99.99982452392578,0,1,1,0,13.93000030517578,,100.0,97.81
400,2020-02-10,HSIC,0.0,99.9999771118164,0,1,1,0,70.18000030517578,,93.33,96.72
401,2020-02-10,IT,0.00019393785623833537,99.3205337524414,0,1,1,0,149.1699981689453,,100.0,90.45
402,2020-02-10,JNPR,0.0,99.99982452392578,0,1,1,0,24.18000030517578,,90.0,97.04
403,2020-02-10,LEG,3.93901018469478e-06,100.0,0,1,1,0,44.91999816894531,,100.0,90.62
404,2020-02-10,MMM,0.00012309486919548362,91.76931762695312,0,0,1,0,160.14999389648438,,88.89,91.55
405,2020-02-10,NTAP,2.7344176487531513e-05,99.99103546142578,0,1,1,0,58.06000137329102,,95.0,95.1
406,2020-02-10,OMC,0.0,100.0,0,1,1,0,77.0,,100.0,89.6
407,2020-02-10,OXY,0.005153584759682417,50.8320198059082,999,999,999,999,40.5,,95.74,98.68
408,2020-02-10,PSX,0.0,99.9996566772461,0,1,1,0,90.26000213623048,,95.45,99.32
409,2020-02-10,RF,100.0,0.00011302512575639412,1,0,0,1,16.280000686645508,,97.06,89.44
410,2020-02-10,SNA,0.0,100.0,0,1,1,0,155.60000610351562,,100.0,92.78
411,2020-02-10,TPR,0.0017417223425582051,92.5174331665039,0,0,1,0,28.51000022888184,,93.33,98.41
412,2020-02-10,UPS,0.0,100.0,0,1,1,0,103.06999969482422,,90.0,91.75
413,2020-02-10,WAT,0.05613863468170166,68.1410903930664,999,999,999,999,219.1300048828125,,100.0,94.03
414,2020-02-10,WRK,0.0,100.0,0,1,1,0,40.95000076293945,,91.67,96.75
415,2020-02-10,ZION,0.00030554263503290713,99.99516296386719,0,1,1,0,45.6500015258789,,100.0,100.0
416,2020-02-11,CPRI,98.6209487915039,0.026367992162704468,1,0,0,1,30.309999465942386,,94.23,88.24
417,2020-02-11,CVX,0.0,100.0,0,1,1,0,111.20999908447266,,92.59,90.54
418,2020-02-11,EMR,0.00010949454735964537,96.54682159423828,0,0,1,0,73.83000183105469,,100.0,96.59
419,2020-02-11,FFIV,88.5443344116211,0.0007233601645566523,0,0,0,1,126.08999633789062,,93.88,89.74
420,2020-02-11,GILD,0.0011464807903394103,99.99957275390625,0,1,1,0,67.76000213623047,,96.8,93.02
421,2020-02-11,HBAN,0.0,100.0,0,1,1,0,14.029999732971193,,100.0,97.83
422,2020-02-11,HSIC,0.0,100.0,0,1,1,0,70.88999938964844,,93.33,96.77
423,2020-02-11,IT,0.013779607601463795,98.19905090332031,0,1,1,0,152.0800018310547,,100.0,89.87
424,2020-02-11,JNPR,0.0,99.99807739257812,0,1,1,0,24.46999931335449,,90.0,97.08
425,2020-02-11,LEG,0.0,100.0,0,1,1,0,45.47999954223633,,100.0,90.68
426,2020-02-11,MMM,0.0,99.99722290039062,0,1,1,0,162.4499969482422,,88.89,91.67
427,2020-02-11,NTAP,0.9276196360588074,96.83735656738281,0,0,1,0,59.08000183105469,,95.0,95.15
428,2020-02-11,OMC,0.0,100.0,0,1,1,0,77.27999877929688,,100.0,89.66
429,2020-02-11,OXY,0.0022779523860663176,95.01935577392578,0,0,1,0,41.16999816894531,,95.74,98.7
430,2020-02-11,PSX,0.0,99.99141693115234,0,1,1,0,90.2699966430664,,95.45,99.32
431,2020-02-11,RF,99.99996185302734,0.0043880208395421505,1,0,0,1,16.40999984741211,,97.1,89.44
432,2020-02-11,SNA,0.0,100.0,0,1,1,0,155.52000427246094,,100.0,92.82
433,2020-02-11,TPR,1.2305244126764592e-05,99.9897689819336,0,1,1,0,28.57999992370605,,93.33,98.44
434,2020-02-11,UPS,0.0,100.0,0,1,1,0,104.87000274658205,,90.0,91.84
435,2020-02-11,WAT,0.00050181127153337,99.90021514892578,0,1,1,0,223.22000122070312,,100.0,94.12
436,2020-02-11,WRK,0.0,100.0,0,1,1,0,41.97999954223633,,91.67,96.77
437,2020-02-11,ZION,0.0005613277317024767,99.9928207397461,0,1,1,0,46.27999877929688,,100.0,100.0
438,2020-02-12,CPRI,26.05617904663086,0.21208781003952026,999,999,999,999,30.85000038146973,,94.23,88.24
439,2020-02-12,CVX,65.44170379638672,0.001360005117021501,999,999,999,999,112.04000091552734,,92.86,90.54
440,2020-02-12,DRI,32.825260162353516,0.17733587324619293,999,999,999,999,122.4499969482422,,94.44,96.57
441,2020-02-12,EMR,0.0007358754519373178,84.7231674194336,0,0,1,0,74.9000015258789,,100.0,96.63
442,2020-02-12,FFIV,87.10004425048828,0.011036191135644913,0,0,0,1,126.70999908447266,,94.0,89.74
443,2020-02-12,GILD,0.006046043708920479,99.9818115234375,0,1,1,0,66.94999694824219,,96.8,93.18
444,2020-02-12,HBAN,0.0,100.0,0,1,1,0,14.050000190734865,,100.0,97.84
445,2020-02-12,HSIC,0.0,100.0,0,1,1,0,71.86000061035156,,93.33,96.83
446,2020-02-12,IT,0.0003710050950758159,99.99618530273438,0,1,1,0,151.5500030517578,,100.0,89.94
447,2020-02-12,JNPR,0.0,99.99925994873047,0,1,1,0,24.43000030517578,,90.0,97.09
448,2020-02-12,LEG,0.0,100.0,0,1,1,0,46.08000183105469,,100.0,90.74
449,2020-02-12,MMM,6.535519599914551,0.6200540065765381,999,999,999,999,162.3300018310547,,88.89,91.67
450,2020-02-12,NTAP,0.2959427535533905,98.76090240478516,0,1,1,0,60.81999969482422,,95.0,95.19
451,2020-02-12,OMC,0.0,100.0,0,1,1,0,78.8499984741211,,100.0,89.71
452,2020-02-12,OXY,0.009822689928114414,46.80583572387695,999,999,999,999,42.4900016784668,,95.74,98.7
453,2020-02-12,PSX,2.835615077856346e-06,99.96401977539062,0,1,1,0,91.13999938964844,,95.45,99.33
454,2020-02-12,RF,99.99911499023438,0.02821209467947483,1,0,0,1,16.469999313354492,,97.14,89.44
455,2020-02-12,SNA,0.0,100.0,0,1,1,0,157.0,,100.0,92.86
456,2020-02-12,TPR,4.577391337079462e-06,99.99158477783203,0,1,1,0,29.46999931335449,,93.33,98.46
457,2020-02-12,UPS,0.0,100.0,0,1,1,0,105.54000091552734,,90.0,91.92
458,2020-02-12,WAT,0.0002244377537863329,99.90667724609375,0,1,1,0,224.3699951171875,,100.0,94.2
459,2020-02-12,WRK,0.0,100.0,0,1,1,0,41.474998474121094,,91.67,96.79
460,2020-02-12,ZION,0.0010720293503254652,99.75143432617188,0,1,1,0,46.11000061035156,,100.0,100.0
