Local time,Open,High,Low,Close,Volume
15.02.2017 23:00:00.000 GMT+0100,1.24564,1.25234,1.24539,1.24887,156657.80999999997
16.02.2017 23:00:00.000 GMT+0100,1.24882,1.25107,1.23878,1.24069,156860.4983
19.02.2017 23:00:00.000 GMT+0100,1.24043,1.24825,1.24043,1.24597,122175.6092
20.02.2017 23:00:00.000 GMT+0100,1.24579,1.24806,1.24015,1.24730,144386.67130000002
21.02.2017 23:00:00.000 GMT+0100,1.24724,1.25077,1.24195,1.24419,158616.07919999998
22.02.2017 23:00:00.000 GMT+0100,1.24439,1.25612,1.24273,1.25561,144747.5694
23.02.2017 23:00:00.000 GMT+0100,1.25561,1.25698,1.24478,1.24561,136372.40129999997
26.02.2017 23:00:00.000 GMT+0100,1.24704,1.24785,1.23838,1.24426,143646.5296
27.02.2017 23:00:00.000 GMT+0100,1.24407,1.24703,1.23748,1.23800,145108.42940000002
28.02.2017 23:00:00.000 GMT+0100,1.23800,1.24043,1.22796,1.22922,164580.9382
01.03.2017 23:00:00.000 GMT+0100,1.22922,1.23076,1.22425,1.22650,138396.8096
02.03.2017 23:00:00.000 GMT+0100,1.22648,1.22998,1.22142,1.22915,147799.8403
05.03.2017 23:00:00.000 GMT+0100,1.22839,1.23004,1.22241,1.22352,120583.1493
06.03.2017 23:00:00.000 GMT+0100,1.22345,1.22522,1.21691,1.21984,134796.30890000003
07.03.2017 23:00:00.000 GMT+0100,1.21984,1.22137,1.21391,1.21650,135200.9901
08.03.2017 23:00:00.000 GMT+0100,1.21651,1.21951,1.21344,1.21642,152738.08930000002
09.03.2017 23:00:00.000 GMT+0100,1.21633,1.21883,1.21395,1.21636,139376.59059999997
12.03.2017 22:00:00.000 GMT+0100,1.21579,1.22508,1.21501,1.22178,151928.91059999997
13.03.2017 22:00:00.000 GMT+0100,1.22172,1.22216,1.21092,1.21487,132503.35969999997
14.03.2017 22:00:00.000 GMT+0100,1.21485,1.23091,1.21464,1.22911,168435.86020000002
15.03.2017 22:00:00.000 GMT+0100,1.22904,1.23769,1.22413,1.23586,172141.36000000004
16.03.2017 22:00:00.000 GMT+0100,1.23586,1.24047,1.23237,1.23945,138573.26009999998
19.03.2017 22:00:00.000 GMT+0100,1.23810,1.24354,1.23350,1.23578,116830.10940000002
20.03.2017 22:00:00.000 GMT+0100,1.23573,1.24944,1.23404,1.24769,151478.6303
21.03.2017 22:00:00.000 GMT+0100,1.24773,1.25060,1.24239,1.24830,137078.01980000004
22.03.2017 22:00:00.000 GMT+0100,1.24819,1.25307,1.24630,1.25199,139713.0787
23.03.2017 22:00:00.000 GMT+0100,1.25199,1.25209,1.24690,1.24710,118732.8995
26.03.2017 23:00:00.000 GMT+0200,1.24914,1.26151,1.24897,1.25572,136049.6297
27.03.2017 23:00:00.000 GMT+0200,1.25571,1.25962,1.24410,1.24473,130537.05019999998
28.03.2017 23:00:00.000 GMT+0200,1.24459,1.24760,1.23767,1.24347,155497.28999999998
29.03.2017 23:00:00.000 GMT+0200,1.24351,1.25241,1.24028,1.24676,129893.36959999999
30.03.2017 23:00:00.000 GMT+0200,1.24674,1.25581,1.24333,1.25512,145387.8391
02.04.2017 23:00:00.000 GMT+0200,1.25424,1.25558,1.24655,1.24839,119554.83950000002
03.04.2017 23:00:00.000 GMT+0200,1.24842,1.24952,1.24189,1.24382,121767.28970000001
04.04.2017 23:00:00.000 GMT+0200,1.24380,1.24979,1.24228,1.24820,137785.47059999997
05.04.2017 23:00:00.000 GMT+0200,1.24818,1.25057,1.24506,1.24677,127014.39980000003
06.04.2017 23:00:00.000 GMT+0200,1.24674,1.24775,1.23652,1.23678,158250.55030000006
09.04.2017 23:00:00.000 GMT+0200,1.23802,1.24286,1.23657,1.24117,116711.1898
10.04.2017 23:00:00.000 GMT+0200,1.24116,1.24944,1.24035,1.24893,140634.29009999998
11.04.2017 23:00:00.000 GMT+0200,1.24891,1.25483,1.24801,1.25387,152729.00939999998
12.04.2017 23:00:00.000 GMT+0200,1.25370,1.25742,1.25000,1.25008,148086.46959999998
13.04.2017 23:00:00.000 GMT+0200,1.25007,1.25346,1.24970,1.25172,97779.4308
16.04.2017 23:00:00.000 GMT+0200,1.25271,1.25959,1.25240,1.25631,98050.0895
17.04.2017 23:00:00.000 GMT+0200,1.25638,1.29053,1.25151,1.28400,200510.8192
18.04.2017 23:00:00.000 GMT+0200,1.28398,1.28603,1.27701,1.27772,163358.76090000002
19.04.2017 23:00:00.000 GMT+0200,1.27773,1.28471,1.27724,1.28090,150738.14059999998
20.04.2017 23:00:00.000 GMT+0200,1.28090,1.28345,1.27567,1.28022,134883.0198
23.04.2017 23:00:00.000 GMT+0200,1.28325,1.28394,1.27721,1.27943,154049.22959999996
24.04.2017 23:00:00.000 GMT+0200,1.27943,1.28456,1.27749,1.28414,151042.23990000002
25.04.2017 23:00:00.000 GMT+0200,1.28409,1.28633,1.28048,1.28464,160407.0594
26.04.2017 23:00:00.000 GMT+0200,1.28466,1.29171,1.28392,1.29036,155602.20090000003
27.04.2017 23:00:00.000 GMT+0200,1.29035,1.29648,1.28885,1.29476,166086.91020000004
30.04.2017 23:00:00.000 GMT+0200,1.29267,1.29431,1.28822,1.28838,89800.80959999998
01.05.2017 23:00:00.000 GMT+0200,1.28839,1.29394,1.28641,1.29382,116375.69010000002
02.05.2017 23:00:00.000 GMT+0200,1.29382,1.29474,1.28652,1.28663,133094.82919999998
03.05.2017 23:00:00.000 GMT+0200,1.28666,1.29319,1.28308,1.29214,137657.02210000003
04.05.2017 23:00:00.000 GMT+0200,1.29214,1.29837,1.29001,1.29753,136871.8412
07.05.2017 23:00:00.000 GMT+0200,1.29817,1.29888,1.29298,1.29363,139921.66869999998
08.05.2017 23:00:00.000 GMT+0200,1.29364,1.29608,1.29026,1.29307,154070.29110000003
09.05.2017 23:00:00.000 GMT+0200,1.29306,1.29879,1.29276,1.29375,145614.4491
10.05.2017 23:00:00.000 GMT+0200,1.29375,1.29484,1.28491,1.28867,166518.22009999998
11.05.2017 23:00:00.000 GMT+0200,1.28849,1.28995,1.28447,1.28848,157315.6195
14.05.2017 23:00:00.000 GMT+0200,1.28752,1.29405,1.28752,1.28920,147730.57129999998
15.05.2017 23:00:00.000 GMT+0200,1.28920,1.29571,1.28654,1.29155,157366.36949999997
16.05.2017 23:00:00.000 GMT+0200,1.29155,1.29906,1.29058,1.29690,166135.78929999997
17.05.2017 23:00:00.000 GMT+0200,1.29689,1.30476,1.28892,1.29348,188982.42019999996
18.05.2017 23:00:00.000 GMT+0200,1.29333,1.30398,1.29198,1.30349,152028.95879999996
21.05.2017 23:00:00.000 GMT+0200,1.29901,1.30429,1.29654,1.29998,153473.3903
22.05.2017 23:00:00.000 GMT+0200,1.29988,1.30335,1.29529,1.29603,160851.2811
23.05.2017 23:00:00.000 GMT+0200,1.29603,1.29988,1.29270,1.29725,140322.94900000002
24.05.2017 23:00:00.000 GMT+0200,1.29726,1.30149,1.29316,1.29405,123356.53009999999
25.05.2017 23:00:00.000 GMT+0200,1.29401,1.29468,1.27754,1.28032,141173.37090000004
28.05.2017 23:00:00.000 GMT+0200,1.28008,1.28499,1.27974,1.28375,85624.5596
29.05.2017 23:00:00.000 GMT+0200,1.28375,1.28882,1.27940,1.28569,124210.69080000003
30.05.2017 23:00:00.000 GMT+0200,1.28569,1.29208,1.27692,1.28881,149298.7296
31.05.2017 23:00:00.000 GMT+0200,1.28881,1.29157,1.28297,1.28792,130140.23929999999
01.06.2017 23:00:00.000 GMT+0200,1.28792,1.29034,1.28457,1.28894,112862.18019999999
04.06.2017 23:00:00.000 GMT+0200,1.28570,1.29407,1.28560,1.29039,98701.20010000002
05.06.2017 23:00:00.000 GMT+0200,1.29030,1.29493,1.28718,1.29076,110740.88089999999
06.06.2017 23:00:00.000 GMT+0200,1.29061,1.29687,1.28873,1.29591,123368.47839999998
07.06.2017 23:00:00.000 GMT+0200,1.29591,1.29774,1.29079,1.29506,123291.51079999999
08.06.2017 23:00:00.000 GMT+0200,1.29556,1.29563,1.26352,1.27365,218472.72940000004
11.06.2017 23:00:00.000 GMT+0200,1.27133,1.27693,1.26385,1.26571,138134.2101
12.06.2017 23:00:00.000 GMT+0200,1.26568,1.27565,1.26418,1.27517,126153.21029999999
13.06.2017 23:00:00.000 GMT+0200,1.27522,1.28177,1.27233,1.27484,160979.1494
14.06.2017 23:00:00.000 GMT+0200,1.27499,1.27953,1.26902,1.27543,147290.45129999996
15.06.2017 23:00:00.000 GMT+0200,1.27543,1.28052,1.27505,1.27726,126007.8107
18.06.2017 23:00:00.000 GMT+0200,1.27553,1.28144,1.27233,1.27359,129114.23049999999
19.06.2017 23:00:00.000 GMT+0200,1.27359,1.27577,1.26029,1.26290,171380.35939999993
20.06.2017 23:00:00.000 GMT+0200,1.26276,1.27098,1.25890,1.26705,137147.58889999997
21.06.2017 23:00:00.000 GMT+0200,1.26704,1.26911,1.26541,1.26814,133089.05
22.06.2017 23:00:00.000 GMT+0200,1.26815,1.27444,1.26753,1.27159,120867.12859999998
25.06.2017 23:00:00.000 GMT+0200,1.27330,1.27594,1.27061,1.27223,116295.57909999999
26.06.2017 23:00:00.000 GMT+0200,1.27220,1.28608,1.27160,1.28138,143518.7299
27.06.2017 23:00:00.000 GMT+0200,1.28137,1.29720,1.27936,1.29240,174963.58200000002
28.06.2017 23:00:00.000 GMT+0200,1.29240,1.30152,1.29223,1.30038,154233.90080000003
29.06.2017 23:00:00.000 GMT+0200,1.30045,1.30298,1.29459,1.30183,147003.89880000002
02.07.2017 23:00:00.000 GMT+0200,1.30039,1.30232,1.29317,1.29363,130108.69969999998
03.07.2017 23:00:00.000 GMT+0200,1.29348,1.29587,1.29122,1.29162,148447.7091
04.07.2017 23:00:00.000 GMT+0200,1.29163,1.29476,1.28930,1.29337,136509.1912
05.07.2017 23:00:00.000 GMT+0200,1.29343,1.29834,1.29195,1.29712,133658.37949999998
06.07.2017 23:00:00.000 GMT+0200,1.29697,1.29745,1.28666,1.28864,121610.19960000002
09.07.2017 23:00:00.000 GMT+0200,1.28767,1.29079,1.28546,1.28799,96908.7001
10.07.2017 23:00:00.000 GMT+0200,1.28795,1.29271,1.28308,1.28434,115151.23990000002
11.07.2017 23:00:00.000 GMT+0200,1.28425,1.29073,1.28116,1.28821,147672.4103
12.07.2017 23:00:00.000 GMT+0200,1.28823,1.29549,1.28790,1.29362,133013.4002
13.07.2017 23:00:00.000 GMT+0200,1.29361,1.31135,1.29352,1.30973,133741.73169999997
16.07.2017 23:00:00.000 GMT+0200,1.30968,1.31128,1.30465,1.30532,128177.33960000002
17.07.2017 23:00:00.000 GMT+0200,1.30509,1.31253,1.30049,1.30378,151642.01900000003
18.07.2017 23:00:00.000 GMT+0200,1.30379,1.30527,1.30106,1.30203,129719.89879999998
19.07.2017 23:00:00.000 GMT+0200,1.30210,1.30323,1.29329,1.29738,156229.85129999998
20.07.2017 23:00:00.000 GMT+0200,1.29737,1.30195,1.29531,1.29931,125479.93969999999
23.07.2017 23:00:00.000 GMT+0200,1.29878,1.30577,1.29873,1.30278,116379.0409
24.07.2017 23:00:00.000 GMT+0200,1.30280,1.30837,1.30074,1.30231,123948.7401
25.07.2017 23:00:00.000 GMT+0200,1.30232,1.31233,1.29996,1.31212,149029.5007
26.07.2017 23:00:00.000 GMT+0200,1.31212,1.31585,1.30506,1.30649,155683.09180000002
27.07.2017 23:00:00.000 GMT+0200,1.30642,1.31517,1.30618,1.31335,136115.6398
30.07.2017 23:00:00.000 GMT+0200,1.31227,1.32236,1.30970,1.32134,127628.46029999999
31.07.2017 23:00:00.000 GMT+0200,1.32141,1.32442,1.31903,1.32017,128182.85949999999
01.08.2017 23:00:00.000 GMT+0200,1.32017,1.32504,1.31908,1.32220,111144.72029999997
02.08.2017 23:00:00.000 GMT+0200,1.32220,1.32679,1.31123,1.31368,129644.4398
03.08.2017 23:00:00.000 GMT+0200,1.31367,1.31640,1.30238,1.30366,114791.24010000001
06.08.2017 23:00:00.000 GMT+0200,1.30354,1.30589,1.30138,1.30336,94039.25080000001
07.08.2017 23:00:00.000 GMT+0200,1.30335,1.30535,1.29523,1.29907,101956.9699
08.08.2017 23:00:00.000 GMT+0200,1.29907,1.30282,1.29680,1.30033,120160.98019999999
09.08.2017 23:00:00.000 GMT+0200,1.30033,1.30152,1.29513,1.29757,117026.9096
10.08.2017 23:00:00.000 GMT+0200,1.29757,1.30313,1.29393,1.30078,114995.98059999998
13.08.2017 23:00:00.000 GMT+0200,1.29801,1.30217,1.29563,1.29635,109616.05029999999
14.08.2017 23:00:00.000 GMT+0200,1.29634,1.29700,1.28460,1.28680,128165.9087
15.08.2017 23:00:00.000 GMT+0200,1.28680,1.29030,1.28413,1.28896,126877.72999999998
16.08.2017 23:00:00.000 GMT+0200,1.28894,1.29088,1.28525,1.28648,142284.1898
17.08.2017 23:00:00.000 GMT+0200,1.28645,1.29162,1.28313,1.28723,126808.73120000004
20.08.2017 23:00:00.000 GMT+0200,1.28563,1.29163,1.28501,1.28978,103651.42929999997
21.08.2017 23:00:00.000 GMT+0200,1.28978,1.29085,1.28107,1.28225,104748.84969999998
22.08.2017 23:00:00.000 GMT+0200,1.28224,1.28334,1.27795,1.27973,120271.81989999999
23.08.2017 23:00:00.000 GMT+0200,1.27974,1.28367,1.27738,1.27993,121222.9694
24.08.2017 23:00:00.000 GMT+0200,1.27989,1.28887,1.27941,1.28761,142801.47069999998
27.08.2017 23:00:00.000 GMT+0200,1.29246,1.29427,1.28734,1.29306,112100.9703
28.08.2017 23:00:00.000 GMT+0200,1.29309,1.29783,1.29146,1.29172,150540.57899999997
29.08.2017 23:00:00.000 GMT+0200,1.29171,1.29379,1.28785,1.29239,129930.20999999999
30.08.2017 23:00:00.000 GMT+0200,1.29232,1.29349,1.28526,1.29286,139620.4706
31.08.2017 23:00:00.000 GMT+0200,1.29286,1.29951,1.29051,1.29507,138095.5508
03.09.2017 23:00:00.000 GMT+0200,1.29602,1.29662,1.29125,1.29298,110760.74950000002
04.09.2017 23:00:00.000 GMT+0200,1.29298,1.30423,1.29088,1.30288,149203.48919999998
05.09.2017 23:00:00.000 GMT+0200,1.30288,1.30819,1.30183,1.30408,134997.6288
06.09.2017 23:00:00.000 GMT+0200,1.30408,1.31155,1.30325,1.31000,158476.24009999997
07.09.2017 23:00:00.000 GMT+0200,1.30993,1.32240,1.30939,1.31915,156852.15000000002
10.09.2017 23:00:00.000 GMT+0200,1.31811,1.32222,1.31607,1.31616,133857.41069999998
11.09.2017 23:00:00.000 GMT+0200,1.31598,1.32981,1.31587,1.32823,142774.02870000002
12.09.2017 23:00:00.000 GMT+0200,1.32823,1.33289,1.31836,1.32073,139469.47030000002
13.09.2017 23:00:00.000 GMT+0200,1.32073,1.34053,1.31488,1.33950,167729.0403
14.09.2017 23:00:00.000 GMT+0200,1.33950,1.36165,1.33811,1.35937,179411.98919999998
17.09.2017 23:00:00.000 GMT+0200,1.35556,1.36183,1.34647,1.34935,158973.70119999998
18.09.2017 23:00:00.000 GMT+0200,1.34938,1.35514,1.34683,1.35064,157352.95070000002
19.09.2017 23:00:00.000 GMT+0200,1.35064,1.36574,1.34516,1.34934,246707.8288
20.09.2017 23:00:00.000 GMT+0200,1.34931,1.35863,1.34707,1.35748,219051.9194
21.09.2017 23:00:00.000 GMT+0200,1.35745,1.35959,1.34496,1.34934,238588.84149999998
24.09.2017 23:00:00.000 GMT+0200,1.34855,1.35706,1.34310,1.34646,166939.4506
25.09.2017 23:00:00.000 GMT+0200,1.34646,1.35140,1.34094,1.34587,156266.71949999998
26.09.2017 23:00:00.000 GMT+0200,1.34587,1.34612,1.33635,1.33844,163387.132
27.09.2017 23:00:00.000 GMT+0200,1.33848,1.34553,1.33429,1.34395,163814.7302
28.09.2017 23:00:00.000 GMT+0200,1.34394,1.34428,1.33496,1.33953,151574.72129999998
01.10.2017 23:00:00.000 GMT+0200,1.33689,1.34021,1.32563,1.32750,149677.18970000002
02.10.2017 23:00:00.000 GMT+0200,1.32740,1.32876,1.32219,1.32375,142376.6594
03.10.2017 23:00:00.000 GMT+0200,1.32375,1.32915,1.32350,1.32479,153907.01890000002
04.10.2017 23:00:00.000 GMT+0200,1.32449,1.32498,1.31076,1.31179,143141.41890000002
05.10.2017 23:00:00.000 GMT+0200,1.31180,1.31211,1.30270,1.30645,150238.01129999998
08.10.2017 23:00:00.000 GMT+0200,1.30886,1.31836,1.30747,1.31400,110674.8502
09.10.2017 23:00:00.000 GMT+0200,1.31414,1.32253,1.31305,1.32025,132027.98939999996
10.10.2017 23:00:00.000 GMT+0200,1.32026,1.32343,1.31752,1.32222,122496.15999999997
11.10.2017 23:00:00.000 GMT+0200,1.32218,1.32902,1.31213,1.32599,159141.80900000004
12.10.2017 23:00:00.000 GMT+0200,1.32596,1.33375,1.32467,1.32823,153536.30010000002
15.10.2017 23:00:00.000 GMT+0200,1.32858,1.33115,1.32252,1.32493,117832.18
16.10.2017 23:00:00.000 GMT+0200,1.32501,1.32869,1.31545,1.31887,136629.46119999996
17.10.2017 23:00:00.000 GMT+0200,1.31880,1.32114,1.31399,1.32045,131357.50979999997
18.10.2017 23:00:00.000 GMT+0200,1.32042,1.32281,1.31288,1.31551,158085.60829999996
19.10.2017 23:00:00.000 GMT+0200,1.31563,1.32003,1.30876,1.31871,152497.35000000003
22.10.2017 23:00:00.000 GMT+0200,1.31817,1.32267,1.31576,1.31966,123163.85939999999
23.10.2017 23:00:00.000 GMT+0200,1.31963,1.32274,1.31132,1.31308,127492.5998
24.10.2017 23:00:00.000 GMT+0200,1.31285,1.32716,1.31099,1.32598,151423.72889999996
25.10.2017 23:00:00.000 GMT+0200,1.32598,1.32790,1.31466,1.31584,134837.45010000002
26.10.2017 23:00:00.000 GMT+0200,1.31598,1.31615,1.30697,1.31247,132439.0404
29.10.2017 22:00:00.000 GMT+0100,1.31087,1.32148,1.31087,1.32071,115072.68969999999
30.10.2017 22:00:00.000 GMT+0100,1.32073,1.32883,1.31914,1.32821,120841.5601
31.10.2017 22:00:00.000 GMT+0100,1.32808,1.33206,1.32403,1.32432,134202.69910000003
01.11.2017 22:00:00.000 GMT+0100,1.32432,1.32988,1.30425,1.30579,179900.69929999998
02.11.2017 22:00:00.000 GMT+0100,1.30573,1.31322,1.30390,1.30738,132511.4699
05.11.2017 23:00:00.000 GMT+0100,1.30678,1.31745,1.30583,1.31708,138419.8
06.11.2017 23:00:00.000 GMT+0100,1.31709,1.31775,1.31088,1.31661,148668.81179999997
07.11.2017 23:00:00.000 GMT+0100,1.31622,1.31755,1.30861,1.31140,133688.6597
08.11.2017 23:00:00.000 GMT+0100,1.31140,1.31654,1.30850,1.31444,154719.2613
09.11.2017 23:00:00.000 GMT+0100,1.31444,1.32292,1.31121,1.31881,150335.2314
12.11.2017 23:00:00.000 GMT+0100,1.31620,1.31796,1.30619,1.31154,140059.55889999997
13.11.2017 23:00:00.000 GMT+0100,1.31138,1.31869,1.30747,1.31645,139358.2997
14.11.2017 23:00:00.000 GMT+0100,1.31643,1.32137,1.31301,1.31712,169558.5405
15.11.2017 23:00:00.000 GMT+0100,1.31695,1.32074,1.31351,1.31938,146751.04939999996
16.11.2017 23:00:00.000 GMT+0100,1.31937,1.32601,1.31694,1.32156,164876.3985
19.11.2017 23:00:00.000 GMT+0100,1.32175,1.32793,1.31854,1.32344,154485.3514
20.11.2017 23:00:00.000 GMT+0100,1.32329,1.32673,1.32086,1.32370,139393.45019999996
21.11.2017 23:00:00.000 GMT+0100,1.32377,1.33291,1.32133,1.33248,134305.68839999998
22.11.2017 23:00:00.000 GMT+0100,1.33248,1.33367,1.32841,1.33082,113383.23039999999
23.11.2017 23:00:00.000 GMT+0100,1.33061,1.33600,1.32783,1.33346,131536.8503
26.11.2017 23:00:00.000 GMT+0100,1.33219,1.33830,1.33098,1.33178,138984.30969999998
27.11.2017 23:00:00.000 GMT+0100,1.33159,1.33871,1.32208,1.33387,182026.10929999998
28.11.2017 23:00:00.000 GMT+0100,1.33388,1.34479,1.33387,1.34095,176158.09050000002
29.11.2017 23:00:00.000 GMT+0100,1.34096,1.35486,1.34060,1.35240,193792.1317
30.11.2017 23:00:00.000 GMT+0100,1.35240,1.35491,1.34445,1.34746,205127.6022
03.12.2017 23:00:00.000 GMT+0100,1.34338,1.35383,1.34136,1.34790,189600.1006
04.12.2017 23:00:00.000 GMT+0100,1.34790,1.34814,1.33704,1.34422,167030.95050000004
05.12.2017 23:00:00.000 GMT+0100,1.34422,1.34437,1.33576,1.33903,168924.5105
06.12.2017 23:00:00.000 GMT+0100,1.33902,1.34846,1.33198,1.34739,169320.53180000003
07.12.2017 23:00:00.000 GMT+0100,1.34748,1.35202,1.33556,1.33789,172821.8898
10.12.2017 23:00:00.000 GMT+0100,1.33735,1.34313,1.33306,1.33382,151198.63139999998
11.12.2017 23:00:00.000 GMT+0100,1.33370,1.33799,1.33034,1.33168,156740.18890000007
12.12.2017 23:00:00.000 GMT+0100,1.33159,1.34299,1.33114,1.34190,180973.0616
13.12.2017 23:00:00.000 GMT+0100,1.34190,1.34658,1.33854,1.34303,202493.53020000004
14.12.2017 23:00:00.000 GMT+0100,1.34301,1.34474,1.33013,1.33269,192737.3425
17.12.2017 23:00:00.000 GMT+0100,1.33095,1.34182,1.33095,1.33814,162407.26009999998
18.12.2017 23:00:00.000 GMT+0100,1.33812,1.34021,1.33309,1.33843,190004.65979999996
19.12.2017 23:00:00.000 GMT+0100,1.33843,1.34199,1.33717,1.33752,164226.1209
20.12.2017 23:00:00.000 GMT+0100,1.33752,1.33872,1.33311,1.33846,157681.94990000004
21.12.2017 23:00:00.000 GMT+0100,1.33832,1.33971,1.33460,1.33541,159117.48039999997
24.12.2017 23:00:00.000 GMT+0100,1.33449,1.33940,1.33449,1.33899,2909.1
25.12.2017 23:00:00.000 GMT+0100,1.33719,1.33890,1.33473,1.33733,134017.80950000003
26.12.2017 23:00:00.000 GMT+0100,1.33727,1.34295,1.33672,1.33965,146152.73859999998
27.12.2017 23:00:00.000 GMT+0100,1.33965,1.34563,1.33927,1.34382,141610.39939999997
28.12.2017 23:00:00.000 GMT+0100,1.34322,1.35440,1.34263,1.34944,160368.95070000002
01.01.2018 23:00:00.000 GMT+0100,1.35065,1.36001,1.34945,1.35889,166177.4303
02.01.2018 23:00:00.000 GMT+0100,1.35873,1.36124,1.34948,1.35142,167509.3503
03.01.2018 23:00:00.000 GMT+0100,1.35140,1.35595,1.35052,1.35504,157158.66859999998
04.01.2018 23:00:00.000 GMT+0100,1.35499,1.35823,1.35231,1.35640,158713.4897
07.01.2018 23:00:00.000 GMT+0100,1.35556,1.35853,1.35229,1.35662,127218.14869999998
08.01.2018 23:00:00.000 GMT+0100,1.35657,1.35822,1.35063,1.35395,144335.4103
09.01.2018 23:00:00.000 GMT+0100,1.35395,1.35618,1.34816,1.35060,175583.52049999998
10.01.2018 23:00:00.000 GMT+0100,1.35060,1.35546,1.34579,1.35355,176757.90169999996
11.01.2018 23:00:00.000 GMT+0100,1.35354,1.37440,1.35335,1.37277,199780.3594
14.01.2018 23:00:00.000 GMT+0100,1.37279,1.38193,1.37253,1.37935,171136.30950000003
15.01.2018 23:00:00.000 GMT+0100,1.37935,1.38052,1.37417,1.37910,187994.52889999998
16.01.2018 23:00:00.000 GMT+0100,1.37902,1.39420,1.37566,1.38306,214308.24999999994
17.01.2018 23:00:00.000 GMT+0100,1.38306,1.39130,1.38044,1.38922,213483.79999999996
18.01.2018 23:00:00.000 GMT+0100,1.38920,1.39449,1.38383,1.38479,208895.97010000004
21.01.2018 23:00:00.000 GMT+0100,1.38879,1.39905,1.38569,1.39837,191144.33860000002
22.01.2018 23:00:00.000 GMT+0100,1.39829,1.40273,1.39158,1.39973,207246.48969999998
23.01.2018 23:00:00.000 GMT+0100,1.39973,1.42627,1.39952,1.42375,251250.76979999995
24.01.2018 23:00:00.000 GMT+0100,1.42375,1.43451,1.40827,1.41313,319949.9594
25.01.2018 23:00:00.000 GMT+0100,1.41337,1.42854,1.41071,1.41562,287583.3599
28.01.2018 23:00:00.000 GMT+0100,1.41347,1.41579,1.40250,1.40727,251143.63109999997
29.01.2018 23:00:00.000 GMT+0100,1.40729,1.41665,1.39798,1.41447,259251.6891
30.01.2018 23:00:00.000 GMT+0100,1.41434,1.42325,1.41216,1.41902,275460.3209
31.01.2018 23:00:00.000 GMT+0100,1.41890,1.42781,1.41594,1.42595,255744.82830000002
01.02.2018 23:00:00.000 GMT+0100,1.42594,1.42777,1.41013,1.41213,263953.69749999995
04.02.2018 23:00:00.000 GMT+0100,1.41001,1.41501,1.39541,1.39572,268983.04929999996
05.02.2018 23:00:00.000 GMT+0100,1.39559,1.39992,1.38363,1.39480,320959.7116
06.02.2018 23:00:00.000 GMT+0100,1.39479,1.39937,1.38482,1.38809,254148.44090000002
07.02.2018 23:00:00.000 GMT+0100,1.38809,1.40671,1.38454,1.39105,329363.7522
08.02.2018 23:00:00.000 GMT+0100,1.39104,1.39871,1.37642,1.38239,300226.77930000005
11.02.2018 23:00:00.000 GMT+0100,1.38081,1.38758,1.37958,1.38357,217602.6887
12.02.2018 23:00:00.000 GMT+0100,1.38366,1.39239,1.38323,1.38909,227075.75000000003
13.02.2018 23:00:00.000 GMT+0100,1.38909,1.40163,1.37996,1.39956,261883.90219999995
14.02.2018 23:00:00.000 GMT+0100,1.39952,1.41034,1.39948,1.40981,254407.8072
15.02.2018 23:00:00.000 GMT+0100,1.40981,1.41444,1.39964,1.40298,233316.1704
18.02.2018 23:00:00.000 GMT+0100,1.40108,1.40488,1.39584,1.39964,181844.7997
19.02.2018 23:00:00.000 GMT+0100,1.39958,1.40242,1.39311,1.39948,220826.88999999998
20.02.2018 23:00:00.000 GMT+0100,1.39958,1.40082,1.39042,1.39182,249529.91079999995
21.02.2018 23:00:00.000 GMT+0100,1.39182,1.39885,1.38565,1.39531,232848.23930000002
22.02.2018 23:00:00.000 GMT+0100,1.39526,1.40049,1.39044,1.39656,190427.4208
25.02.2018 23:00:00.000 GMT+0100,1.39844,1.40696,1.39280,1.39668,148233.29090000002
26.02.2018 23:00:00.000 GMT+0100,1.39668,1.39962,1.38574,1.39060,175488.29900000003
27.02.2018 23:00:00.000 GMT+0100,1.39060,1.39158,1.37564,1.37590,184598.82889999996
28.02.2018 23:00:00.000 GMT+0100,1.37591,1.37846,1.37115,1.37746,209689.03970000002
01.03.2018 23:00:00.000 GMT+0100,1.37745,1.38166,1.37554,1.37980,191391.409
04.03.2018 23:00:00.000 GMT+0100,1.37886,1.38769,1.37664,1.38482,185323.5894
05.03.2018 23:00:00.000 GMT+0100,1.38478,1.39291,1.38163,1.38863,176971.74919999996
06.03.2018 23:00:00.000 GMT+0100,1.38860,1.39118,1.38459,1.38990,178933.31000000003
07.03.2018 23:00:00.000 GMT+0100,1.38932,1.39098,1.37807,1.38089,179392.81929999997
08.03.2018 23:00:00.000 GMT+0100,1.38089,1.38886,1.37878,1.38447,168512.4383
11.03.2018 22:00:00.000 GMT+0100,1.38500,1.39174,1.38410,1.39052,127550.1006
12.03.2018 22:00:00.000 GMT+0100,1.39048,1.39938,1.38745,1.39602,151625.95940000002
13.03.2018 22:00:00.000 GMT+0100,1.39599,1.39955,1.39255,1.39605,147770.3613
14.03.2018 22:00:00.000 GMT+0100,1.39606,1.39884,1.39213,1.39357,183978.8601
15.03.2018 22:00:00.000 GMT+0100,1.39353,1.39807,1.38891,1.39432,134094.642
18.03.2018 22:00:00.000 GMT+0100,1.39353,1.40881,1.39128,1.40226,170328.4603
19.03.2018 22:00:00.000 GMT+0100,1.40228,1.40664,1.39826,1.39968,143357.0111
20.03.2018 22:00:00.000 GMT+0100,1.39967,1.41504,1.39958,1.41393,174167.60910000003
21.03.2018 22:00:00.000 GMT+0100,1.41392,1.42175,1.40756,1.40948,184799.20170000003
22.03.2018 22:00:00.000 GMT+0100,1.40953,1.41717,1.40849,1.41305,161338.3088
25.03.2018 23:00:00.000 GMT+0200,1.41326,1.42442,1.41296,1.42273,124899.08999999998
26.03.2018 23:00:00.000 GMT+0200,1.42277,1.42440,1.40659,1.41556,145824.9791
27.03.2018 23:00:00.000 GMT+0200,1.41550,1.42001,1.40703,1.40762,149725.0901
28.03.2018 23:00:00.000 GMT+0200,1.40760,1.40959,1.40106,1.40174,142787.76779999997
29.03.2018 23:00:00.000 GMT+0200,1.40167,1.40594,1.40088,1.40088,104968.9597
01.04.2018 23:00:00.000 GMT+0200,1.40224,1.40775,1.40193,1.40430,99422.96010000001
02.04.2018 23:00:00.000 GMT+0200,1.40425,1.40883,1.40208,1.40557,133270.53859999997
03.04.2018 23:00:00.000 GMT+0200,1.40543,1.40962,1.40146,1.40782,142246.5789
04.04.2018 23:00:00.000 GMT+0200,1.40782,1.40968,1.39652,1.40015,148253.5987
05.04.2018 23:00:00.000 GMT+0200,1.40015,1.41055,1.39827,1.40814,144430.52199999997
08.04.2018 23:00:00.000 GMT+0200,1.40866,1.41644,1.40782,1.41294,123039.6
09.04.2018 23:00:00.000 GMT+0200,1.41294,1.41878,1.41199,1.41742,128144.0097
10.04.2018 23:00:00.000 GMT+0200,1.41744,1.42230,1.41608,1.41746,120909.44969999997
11.04.2018 23:00:00.000 GMT+0200,1.41741,1.42464,1.41451,1.42268,128667.03950000001
12.04.2018 23:00:00.000 GMT+0200,1.42268,1.42961,1.42205,1.42372,104490.13010000001
15.04.2018 23:00:00.000 GMT+0200,1.42397,1.43438,1.42291,1.43369,98768.62009999999
16.04.2018 23:00:00.000 GMT+0200,1.43366,1.43763,1.42826,1.42862,123012.07020000002
17.04.2018 23:00:00.000 GMT+0200,1.42850,1.43142,1.41728,1.42000,123259.0606
18.04.2018 23:00:00.000 GMT+0200,1.42000,1.42454,1.40684,1.40833,139492.81990000003
19.04.2018 23:00:00.000 GMT+0200,1.40833,1.40906,1.39965,1.40002,131691.2804
22.04.2018 23:00:00.000 GMT+0200,1.39990,1.40307,1.39261,1.39391,114469.3786
23.04.2018 23:00:00.000 GMT+0200,1.39391,1.39869,1.39177,1.39767,110572.4607
24.04.2018 23:00:00.000 GMT+0200,1.39768,1.39965,1.39231,1.39291,102451.45919999998
25.04.2018 23:00:00.000 GMT+0200,1.39286,1.39980,1.38947,1.39150,135784.9197
26.04.2018 23:00:00.000 GMT+0200,1.39137,1.39342,1.37470,1.37785,129358.18050000002
29.04.2018 23:00:00.000 GMT+0200,1.37711,1.37922,1.37125,1.37550,112230.8015
30.04.2018 23:00:00.000 GMT+0200,1.37547,1.37725,1.35880,1.36124,124717.59909999999
01.05.2018 23:00:00.000 GMT+0200,1.36124,1.36656,1.35546,1.35718,168234.5484
02.05.2018 23:00:00.000 GMT+0200,1.35716,1.36293,1.35377,1.35729,166357.84860000003
03.05.2018 23:00:00.000 GMT+0200,1.35713,1.35856,1.34861,1.35253,131543.87
06.05.2018 23:00:00.000 GMT+0200,1.35327,1.35751,1.35151,1.35558,109764.2201
07.05.2018 23:00:00.000 GMT+0200,1.35560,1.35926,1.34843,1.35460,152788.2199
08.05.2018 23:00:00.000 GMT+0200,1.35461,1.36068,1.34990,1.35447,140731.45900000003
09.05.2018 23:00:00.000 GMT+0200,1.35442,1.36174,1.34598,1.35169,180453.3694
10.05.2018 23:00:00.000 GMT+0200,1.35169,1.35957,1.35017,1.35407,126472.99990000002
13.05.2018 23:00:00.000 GMT+0200,1.35393,1.36079,1.35373,1.35559,103492.8994
14.05.2018 23:00:00.000 GMT+0200,1.35559,1.35718,1.34511,1.35000,152573.27039999998
15.05.2018 23:00:00.000 GMT+0200,1.34997,1.35209,1.34554,1.34832,161455.9407
16.05.2018 23:00:00.000 GMT+0200,1.34825,1.35688,1.34741,1.35153,698717.2027999999
17.05.2018 23:00:00.000 GMT+0200,1.35153,1.35280,1.34548,1.34679,122610.6902
20.05.2018 23:00:00.000 GMT+0200,1.34590,1.34825,1.33907,1.34217,124029.07850000002
21.05.2018 23:00:00.000 GMT+0200,1.34217,1.34911,1.34123,1.34278,138290.66959999996
22.05.2018 23:00:00.000 GMT+0200,1.34278,1.34422,1.33050,1.33449,180245.5495
23.05.2018 23:00:00.000 GMT+0200,1.33446,1.34216,1.33400,1.33769,181203.26020000002
24.05.2018 23:00:00.000 GMT+0200,1.33769,1.33873,1.32928,1.32946,159808.08109999995
27.05.2018 23:00:00.000 GMT+0200,1.33138,1.33408,1.32961,1.33092,128083.01929999999
28.05.2018 23:00:00.000 GMT+0200,1.33094,1.33250,1.32044,1.32416,188327.8908
29.05.2018 23:00:00.000 GMT+0200,1.32407,1.33069,1.32407,1.32844,172979.8087
30.05.2018 23:00:00.000 GMT+0200,1.32844,1.33478,1.32771,1.32957,181523.3007
31.05.2018 23:00:00.000 GMT+0200,1.32953,1.33617,1.32538,1.33449,156205.83939999997
03.06.2018 23:00:00.000 GMT+0200,1.33310,1.33985,1.32947,1.33122,112360.6102
04.06.2018 23:00:00.000 GMT+0200,1.33118,1.34086,1.33019,1.33851,144962.58049999998
05.06.2018 23:00:00.000 GMT+0200,1.33853,1.34429,1.33764,1.34113,137802.78029999998
06.06.2018 23:00:00.000 GMT+0200,1.34108,1.34722,1.33714,1.34210,156814.18989999997
07.06.2018 23:00:00.000 GMT+0200,1.34206,1.34390,1.33544,1.34081,135768.5094
10.06.2018 23:00:00.000 GMT+0200,1.34058,1.34413,1.33444,1.33729,107555.9404
11.06.2018 23:00:00.000 GMT+0200,1.33726,1.34243,1.33418,1.33703,143005.66049999997
12.06.2018 23:00:00.000 GMT+0200,1.33696,1.33890,1.33079,1.33737,137287.6588
13.06.2018 23:00:00.000 GMT+0200,1.33734,1.34463,1.32570,1.32604,172039.66109999997
14.06.2018 23:00:00.000 GMT+0200,1.32606,1.32978,1.32110,1.32763,154896.24060000005
17.06.2018 23:00:00.000 GMT+0200,1.32557,1.32790,1.32257,1.32437,126401.01069999998
18.06.2018 23:00:00.000 GMT+0200,1.32437,1.32726,1.31507,1.31726,165855.55100000004
19.06.2018 23:00:00.000 GMT+0200,1.31728,1.32170,1.31458,1.31691,151070.6898
20.06.2018 23:00:00.000 GMT+0200,1.31689,1.32698,1.31018,1.32343,207630.77020000003
21.06.2018 23:00:00.000 GMT+0200,1.32424,1.33146,1.32337,1.32593,166445.9088
24.06.2018 23:00:00.000 GMT+0200,1.32490,1.32904,1.32212,1.32764,156475.12140000003
25.06.2018 23:00:00.000 GMT+0200,1.32766,1.32918,1.31922,1.32184,182272.128
26.06.2018 23:00:00.000 GMT+0200,1.32243,1.32336,1.31063,1.31128,224737.9085
27.06.2018 23:00:00.000 GMT+0200,1.31133,1.31203,1.30495,1.30761,208855.6977
28.06.2018 23:00:00.000 GMT+0200,1.30763,1.32136,1.30675,1.32040,202354.3
01.07.2018 23:00:00.000 GMT+0200,1.31825,1.32082,1.30950,1.31421,164974.28720000002
02.07.2018 23:00:00.000 GMT+0200,1.31412,1.32064,1.31145,1.31893,176613.32939999996
03.07.2018 23:00:00.000 GMT+0200,1.31891,1.32495,1.31705,1.32251,137937.72119999997
04.07.2018 23:00:00.000 GMT+0200,1.32252,1.32748,1.32036,1.32209,181960.45890000003
05.07.2018 23:00:00.000 GMT+0200,1.32134,1.32898,1.32031,1.32844,147960.9493
08.07.2018 23:00:00.000 GMT+0200,1.33179,1.33625,1.31889,1.32556,187413.2689
09.07.2018 23:00:00.000 GMT+0200,1.32552,1.33008,1.32230,1.32709,159091.7304
10.07.2018 23:00:00.000 GMT+0200,1.32705,1.32852,1.31994,1.32032,191778.07909999994
11.07.2018 23:00:00.000 GMT+0200,1.32028,1.32448,1.31802,1.32050,157239.7618
12.07.2018 23:00:00.000 GMT+0200,1.32049,1.32383,1.31025,1.32323,160289.55
15.07.2018 23:00:00.000 GMT+0200,1.32272,1.32928,1.32167,1.32352,139427.5503
16.07.2018 23:00:00.000 GMT+0200,1.32340,1.32687,1.30689,1.31140,175707.66859999998
17.07.2018 23:00:00.000 GMT+0200,1.31135,1.31169,1.30100,1.30679,172361.07200000001
18.07.2018 23:00:00.000 GMT+0200,1.30674,1.30831,1.29574,1.30139,184643.5898
19.07.2018 23:00:00.000 GMT+0200,1.30125,1.31401,1.29948,1.31287,177632.17979999995
22.07.2018 23:00:00.000 GMT+0200,1.31229,1.31580,1.30821,1.30977,137416.5992
23.07.2018 23:00:00.000 GMT+0200,1.30973,1.31591,1.30714,1.31436,157922.44149999996
24.07.2018 23:00:00.000 GMT+0200,1.31435,1.32003,1.31328,1.31877,157213.39059999998
25.07.2018 23:00:00.000 GMT+0200,1.31877,1.32132,1.31052,1.31072,154714.9198
26.07.2018 23:00:00.000 GMT+0200,1.31070,1.31310,1.30822,1.30967,126008.16059999999
29.07.2018 23:00:00.000 GMT+0200,1.30989,1.31521,1.30970,1.31315,113492.09979999998
30.07.2018 23:00:00.000 GMT+0200,1.31314,1.31726,1.30894,1.31220,143985.6286
31.07.2018 23:00:00.000 GMT+0200,1.31208,1.31440,1.30951,1.31259,132292.4011
01.08.2018 23:00:00.000 GMT+0200,1.31258,1.31282,1.30142,1.30155,141379.97070000003
02.08.2018 23:00:00.000 GMT+0200,1.30155,1.30429,1.29753,1.30011,135485.4995
05.08.2018 23:00:00.000 GMT+0200,1.29948,1.30074,1.29198,1.29426,97414.64
06.08.2018 23:00:00.000 GMT+0200,1.29430,1.29736,1.29237,1.29385,109433.30049999998
07.08.2018 23:00:00.000 GMT+0200,1.29385,1.29597,1.28535,1.28807,127278.97920000002
08.08.2018 23:00:00.000 GMT+0200,1.28807,1.29117,1.28188,1.28230,136275.5796
09.08.2018 23:00:00.000 GMT+0200,1.28203,1.28366,1.27228,1.27663,208623.3107
12.08.2018 23:00:00.000 GMT+0200,1.27421,1.27913,1.27299,1.27594,155197.75950000001
13.08.2018 23:00:00.000 GMT+0200,1.27593,1.28271,1.27046,1.27214,151104.9405
14.08.2018 23:00:00.000 GMT+0200,1.27198,1.27352,1.26617,1.26942,146628.62
15.08.2018 23:00:00.000 GMT+0200,1.26940,1.27539,1.26858,1.27088,144392.1208
16.08.2018 23:00:00.000 GMT+0200,1.27091,1.27524,1.26978,1.27466,135359.56939999998
19.08.2018 23:00:00.000 GMT+0200,1.27420,1.27992,1.27293,1.27969,102553.1005
20.08.2018 23:00:00.000 GMT+0200,1.27956,1.29242,1.27922,1.28987,151413.62050000002
21.08.2018 23:00:00.000 GMT+0200,1.28856,1.29362,1.28685,1.29095,128620.10889999998
22.08.2018 23:00:00.000 GMT+0200,1.29095,1.29179,1.28045,1.28132,127485.87019999999
23.08.2018 23:00:00.000 GMT+0200,1.28060,1.28810,1.27992,1.28452,132841.6615
26.08.2018 23:00:00.000 GMT+0200,1.28365,1.29009,1.28287,1.28915,115512.52070000001
27.08.2018 23:00:00.000 GMT+0200,1.28915,1.29317,1.28615,1.28703,125001.8202
28.08.2018 23:00:00.000 GMT+0200,1.28700,1.30322,1.28451,1.30250,160120.3606
29.08.2018 23:00:00.000 GMT+0200,1.30245,1.30433,1.29849,1.30062,143269.45109999998
30.08.2018 23:00:00.000 GMT+0200,1.30069,1.30287,1.29449,1.29528,142654.41999999998
02.09.2018 23:00:00.000 GMT+0200,1.29095,1.29336,1.28547,1.28676,126906.3087
03.09.2018 23:00:00.000 GMT+0200,1.28671,1.28757,1.28100,1.28540,143938.01200000002
04.09.2018 23:00:00.000 GMT+0200,1.28529,1.29822,1.27851,1.29037,157648.5804
05.09.2018 23:00:00.000 GMT+0200,1.29031,1.29622,1.28960,1.29261,136863.45990000002
06.09.2018 23:00:00.000 GMT+0200,1.29260,1.30278,1.29081,1.29137,162733.39969999995
09.09.2018 23:00:00.000 GMT+0200,1.29179,1.30514,1.28967,1.30253,125994.98980000002
10.09.2018 23:00:00.000 GMT+0200,1.30253,1.30869,1.29641,1.30299,141086.9907
11.09.2018 23:00:00.000 GMT+0200,1.30299,1.30821,1.29791,1.30446,143666.551
12.09.2018 23:00:00.000 GMT+0200,1.30446,1.31233,1.30261,1.31060,141780.42119999998
13.09.2018 23:00:00.000 GMT+0200,1.31057,1.31435,1.30565,1.30664,140089.08130000002
16.09.2018 23:00:00.000 GMT+0200,1.30683,1.31646,1.30672,1.31564,133522.42010000002
17.09.2018 23:00:00.000 GMT+0200,1.31566,1.31725,1.31185,1.31475,149008.59039999996
18.09.2018 23:00:00.000 GMT+0200,1.31475,1.32146,1.30974,1.31427,164822.7305
19.09.2018 23:00:00.000 GMT+0200,1.31425,1.32980,1.31303,1.32589,165942.58880000003
20.09.2018 23:00:00.000 GMT+0200,1.32588,1.32765,1.30558,1.30764,175118.8584
23.09.2018 23:00:00.000 GMT+0200,1.30775,1.31667,1.30628,1.31192,129936.48969999998
24.09.2018 23:00:00.000 GMT+0200,1.31192,1.31933,1.30947,1.31786,138382.9911
25.09.2018 23:00:00.000 GMT+0200,1.31785,1.32171,1.31381,1.31639,148748.7595
26.09.2018 23:00:00.000 GMT+0200,1.31637,1.31779,1.30733,1.30733,147624.11840000004
27.09.2018 23:00:00.000 GMT+0200,1.30729,1.30899,1.30002,1.30278,127986.92829999999
30.09.2018 23:00:00.000 GMT+0200,1.30371,1.31153,1.30119,1.30419,135165.09960000002
01.10.2018 23:00:00.000 GMT+0200,1.30418,1.30482,1.29409,1.29777,153540.51019999996
02.10.2018 23:00:00.000 GMT+0200,1.29778,1.30226,1.29237,1.29362,178153.74060000002
03.10.2018 23:00:00.000 GMT+0200,1.29356,1.30411,1.29220,1.30208,171723.30050000004
04.10.2018 23:00:00.000 GMT+0200,1.30199,1.31226,1.30032,1.31136,158107.70989999996
07.10.2018 23:00:00.000 GMT+0200,1.31230,1.31326,1.30279,1.30859,145586.9699
08.10.2018 23:00:00.000 GMT+0200,1.30857,1.31500,1.30328,1.31425,173731.1905
09.10.2018 23:00:00.000 GMT+0200,1.31412,1.32158,1.31332,1.31880,160079.58019999997
10.10.2018 23:00:00.000 GMT+0200,1.31880,1.32468,1.31741,1.32311,220068.0706
11.10.2018 23:00:00.000 GMT+0200,1.32311,1.32575,1.31458,1.31516,185599.61009999996
14.10.2018 23:00:00.000 GMT+0200,1.30854,1.31815,1.30811,1.31514,164563.66969999997
15.10.2018 23:00:00.000 GMT+0200,1.31514,1.32362,1.31350,1.31767,152429.23890000005
16.10.2018 23:00:00.000 GMT+0200,1.31768,1.31923,1.30993,1.31128,147895.70890000006
17.10.2018 23:00:00.000 GMT+0200,1.31115,1.31311,1.30158,1.30168,151616.5293
18.10.2018 23:00:00.000 GMT+0200,1.30168,1.31037,1.30109,1.30666,144538.00200000004
21.10.2018 23:00:00.000 GMT+0200,1.30703,1.30899,1.29562,1.29564,143043.4796
22.10.2018 23:00:00.000 GMT+0200,1.29563,1.30439,1.29368,1.29819,166182.35009999998
23.10.2018 23:00:00.000 GMT+0200,1.29819,1.29904,1.28668,1.28792,169822.56949999998
24.10.2018 23:00:00.000 GMT+0200,1.28798,1.29192,1.27968,1.28162,166384.3495
25.10.2018 23:00:00.000 GMT+0200,1.28162,1.28411,1.27772,1.28260,192441.5008
28.10.2018 22:00:00.000 GMT+0100,1.28212,1.28528,1.27918,1.27919,140135.19110000003
29.10.2018 22:00:00.000 GMT+0100,1.27916,1.28123,1.26956,1.27066,143717.57989999995
30.10.2018 22:00:00.000 GMT+0100,1.27066,1.28303,1.26905,1.27644,145521.808
31.10.2018 22:00:00.000 GMT+0100,1.27648,1.30349,1.27629,1.30009,171144.1286
01.11.2018 22:00:00.000 GMT+0100,1.30003,1.30406,1.29513,1.29617,157950.22939999998
04.11.2018 23:00:00.000 GMT+0100,1.30210,1.30553,1.29641,1.30398,135208.61989999996
05.11.2018 23:00:00.000 GMT+0100,1.30395,1.31070,1.30208,1.30950,142004.8495
06.11.2018 23:00:00.000 GMT+0100,1.30951,1.31744,1.30731,1.31219,189711.8399
07.11.2018 23:00:00.000 GMT+0100,1.31230,1.31496,1.30447,1.30607,161200.76069999998
08.11.2018 23:00:00.000 GMT+0100,1.30607,1.30701,1.29580,1.29729,153090.9395
11.11.2018 23:00:00.000 GMT+0100,1.29130,1.29465,1.28271,1.28476,172565.2392
12.11.2018 23:00:00.000 GMT+0100,1.28463,1.30469,1.28350,1.29675,196240.6496
13.11.2018 23:00:00.000 GMT+0100,1.29729,1.30718,1.28798,1.29861,219461.01089999996
14.11.2018 23:00:00.000 GMT+0100,1.29853,1.30298,1.27232,1.27688,239721.20159999997
15.11.2018 23:00:00.000 GMT+0100,1.27691,1.28773,1.27594,1.28261,190546.7714
18.11.2018 23:00:00.000 GMT+0100,1.28443,1.28835,1.27939,1.28496,156255.3119
19.11.2018 23:00:00.000 GMT+0100,1.28554,1.28826,1.27760,1.27862,167058.85999999996
20.11.2018 23:00:00.000 GMT+0100,1.27860,1.28193,1.27638,1.27743,145710.85030000002
21.11.2018 23:00:00.000 GMT+0100,1.27744,1.29270,1.27674,1.28752,127204.4293
22.11.2018 23:00:00.000 GMT+0100,1.28750,1.28821,1.27981,1.28006,133354.2899
25.11.2018 23:00:00.000 GMT+0100,1.28215,1.28637,1.27955,1.28068,138956.26999999996
26.11.2018 23:00:00.000 GMT+0100,1.28045,1.28194,1.27249,1.27420,190879.29030000002
27.11.2018 23:00:00.000 GMT+0100,1.27409,1.28467,1.27306,1.28232,171515.6785
28.11.2018 23:00:00.000 GMT+0100,1.28231,1.28494,1.27551,1.27850,167466.14070000002
29.11.2018 23:00:00.000 GMT+0100,1.27850,1.28092,1.27350,1.27509,165267.85999999996
02.12.2018 23:00:00.000 GMT+0100,1.27644,1.28242,1.26985,1.27232,151696.59079999995
03.12.2018 23:00:00.000 GMT+0100,1.27233,1.28394,1.26582,1.27149,181394.70980000004
04.12.2018 23:00:00.000 GMT+0100,1.27160,1.27980,1.26717,1.27319,154736.07020000002
05.12.2018 23:00:00.000 GMT+0100,1.27318,1.28118,1.26992,1.27817,191000.4593
06.12.2018 23:00:00.000 GMT+0100,1.27816,1.27900,1.27100,1.27296,153056.65090000004
09.12.2018 23:00:00.000 GMT+0100,1.27048,1.27598,1.25065,1.25595,185974.9194
10.12.2018 23:00:00.000 GMT+0100,1.25568,1.26382,1.24796,1.24837,180515.19939999998
11.12.2018 23:00:00.000 GMT+0100,1.24823,1.26712,1.24766,1.26288,200335.71100000004
12.12.2018 23:00:00.000 GMT+0100,1.26288,1.26861,1.26072,1.26509,149443.61989999996
13.12.2018 23:00:00.000 GMT+0100,1.26504,1.26648,1.25290,1.25813,163445.40939999997
16.12.2018 23:00:00.000 GMT+0100,1.26008,1.26470,1.25629,1.26199,172146.0207
17.12.2018 23:00:00.000 GMT+0100,1.26144,1.27053,1.26099,1.26374,169105.1601
18.12.2018 23:00:00.000 GMT+0100,1.26332,1.26787,1.26064,1.26097,247145.519
19.12.2018 23:00:00.000 GMT+0100,1.26097,1.27073,1.26072,1.26541,308944.9307
20.12.2018 23:00:00.000 GMT+0100,1.26541,1.26977,1.26173,1.26247,307977.09030000004
23.12.2018 23:00:00.000 GMT+0100,1.26452,1.27382,1.26344,1.27005,227056.1703
24.12.2018 23:00:00.000 GMT+0100,1.26947,1.27077,1.26465,1.26544,4235.38
25.12.2018 23:00:00.000 GMT+0100,1.26749,1.27186,1.26304,1.26317,133074.97
26.12.2018 23:00:00.000 GMT+0100,1.26314,1.26745,1.26157,1.26416,330736.5302
27.12.2018 23:00:00.000 GMT+0100,1.26414,1.27080,1.26348,1.26943,193089.57989999995
30.12.2018 23:00:00.000 GMT+0100,1.26918,1.28145,1.26799,1.27526,169241.45070000002
01.01.2019 23:00:00.000 GMT+0100,1.27459,1.27729,1.25808,1.26060,237090.46740000002
02.01.2019 23:00:00.000 GMT+0100,1.26060,1.26472,1.24250,1.26278,268812.25800000003
03.01.2019 23:00:00.000 GMT+0100,1.26268,1.27443,1.26157,1.27170,259746.41830000002
06.01.2019 23:00:00.000 GMT+0100,1.27187,1.27867,1.27113,1.27750,188860.14720000004
07.01.2019 23:00:00.000 GMT+0100,1.27730,1.27970,1.27066,1.27133,204120.93970000002
08.01.2019 23:00:00.000 GMT+0100,1.27122,1.28033,1.27068,1.27882,276438.7178
09.01.2019 23:00:00.000 GMT+0100,1.27889,1.28008,1.27278,1.27418,240096.2998
10.01.2019 23:00:00.000 GMT+0100,1.27418,1.28655,1.27096,1.28347,244640.26860000007
13.01.2019 23:00:00.000 GMT+0100,1.28516,1.29304,1.28187,1.28582,233982.91290000002
14.01.2019 23:00:00.000 GMT+0100,1.28582,1.29156,1.26688,1.28589,272179.69099999993
15.01.2019 23:00:00.000 GMT+0100,1.28574,1.28971,1.28247,1.28774,225034.24980000005
16.01.2019 23:00:00.000 GMT+0100,1.28774,1.30006,1.28319,1.29844,221506.4891
17.01.2019 23:00:00.000 GMT+0100,1.29844,1.29931,1.28567,1.28696,204844.02850000001
20.01.2019 23:00:00.000 GMT+0100,1.28724,1.29105,1.28301,1.28906,164447.19049999997
21.01.2019 23:00:00.000 GMT+0100,1.28905,1.29751,1.28549,1.29539,212225.83049999998
22.01.2019 23:00:00.000 GMT+0100,1.29538,1.30807,1.29420,1.30673,231645.46859999996
23.01.2019 23:00:00.000 GMT+0100,1.30672,1.30938,1.30120,1.30620,228527.9929
24.01.2019 23:00:00.000 GMT+0100,1.30619,1.32172,1.30590,1.31984,271113.7083
27.01.2019 23:00:00.000 GMT+0100,1.31837,1.32109,1.31367,1.31534,202563.0591
28.01.2019 23:00:00.000 GMT+0100,1.31538,1.31995,1.30559,1.30661,278838.38850000006
29.01.2019 23:00:00.000 GMT+0100,1.30662,1.31451,1.30539,1.31155,249539.5
30.01.2019 23:00:00.000 GMT+0100,1.31155,1.31599,1.30972,1.31062,231094.73190000004
31.01.2019 23:00:00.000 GMT+0100,1.31062,1.31147,1.30430,1.30739,217059.84649999999
03.02.2019 23:00:00.000 GMT+0100,1.30618,1.31034,1.30286,1.30338,218299.486
04.02.2019 23:00:00.000 GMT+0100,1.30338,1.30516,1.29245,1.29487,193317.63150000005
05.02.2019 23:00:00.000 GMT+0100,1.29487,1.29791,1.29250,1.29285,197139.8523
06.02.2019 23:00:00.000 GMT+0100,1.29285,1.29961,1.28540,1.29518,214117.83839999995
07.02.2019 23:00:00.000 GMT+0100,1.29518,1.29759,1.29211,1.29441,175559.7385
10.02.2019 23:00:00.000 GMT+0100,1.29277,1.29386,1.28447,1.28579,209462.3301
11.02.2019 23:00:00.000 GMT+0100,1.28531,1.29092,1.28325,1.28913,204245.48
12.02.2019 23:00:00.000 GMT+0100,1.28913,1.29584,1.28448,1.28450,222267.94
13.02.2019 23:00:00.000 GMT+0100,1.28450,1.28774,1.27727,1.28004,220714.70840000003
14.02.2019 23:00:00.000 GMT+0100,1.27982,1.28977,1.27844,1.28865,210849.13059999997
17.02.2019 23:00:00.000 GMT+0100,1.29028,1.29385,1.28913,1.29208,220917.53879999998
18.02.2019 23:00:00.000 GMT+0100,1.29180,1.30728,1.28959,1.30610,212172.5294
19.02.2019 23:00:00.000 GMT+0100,1.30610,1.31088,1.30117,1.30490,234725.93950000004
20.02.2019 23:00:00.000 GMT+0100,1.30486,1.30950,1.30259,1.30359,243356.47279999996
21.02.2019 23:00:00.000 GMT+0100,1.30357,1.30799,1.29680,1.30494,215741.0992
24.02.2019 23:00:00.000 GMT+0100,1.30713,1.31140,1.30488,1.30957,229974.5188
25.02.2019 23:00:00.000 GMT+0100,1.30956,1.32878,1.30936,1.32502,307963.7408999999
26.02.2019 23:00:00.000 GMT+0100,1.32500,1.33499,1.32330,1.33067,285548.1105000001
27.02.2019 23:00:00.000 GMT+0100,1.33066,1.33192,1.32531,1.32613,255024.56990000003
28.02.2019 23:00:00.000 GMT+0100,1.32608,1.32864,1.31716,1.31983,237744.04050000003
03.03.2019 23:00:00.000 GMT+0100,1.32446,1.32541,1.31663,1.31787,221489.51159999997
04.03.2019 23:00:00.000 GMT+0100,1.31748,1.31985,1.30975,1.31773,219801.05899999998
05.03.2019 23:00:00.000 GMT+0100,1.31774,1.31809,1.31237,1.31687,205324.9777
06.03.2019 23:00:00.000 GMT+0100,1.31681,1.31847,1.30679,1.30802,234215.15279999995
07.03.2019 23:00:00.000 GMT+0100,1.30800,1.31083,1.29896,1.30111,227004.9881
10.03.2019 22:00:00.000 GMT+0100,1.29646,1.31700,1.29604,1.31486,258993.56799999997
11.03.2019 22:00:00.000 GMT+0100,1.31447,1.32889,1.30046,1.30710,277708.58919999993
12.03.2019 22:00:00.000 GMT+0100,1.30710,1.33808,1.30577,1.33370,257171.98020000002
13.03.2019 22:00:00.000 GMT+0100,1.33371,1.33385,1.32071,1.32399,278582.7814
14.03.2019 22:00:00.000 GMT+0100,1.32399,1.33000,1.32023,1.32884,247813.851
17.03.2019 22:00:00.000 GMT+0100,1.32950,1.32999,1.31841,1.32528,206435.21289999998
18.03.2019 22:00:00.000 GMT+0100,1.32529,1.33105,1.32406,1.32647,206354.89780000006
19.03.2019 22:00:00.000 GMT+0100,1.32646,1.32723,1.31459,1.31926,270094.7509
20.03.2019 22:00:00.000 GMT+0100,1.31904,1.32269,1.30039,1.31080,263903.2715
21.03.2019 22:00:00.000 GMT+0100,1.31014,1.32236,1.30806,1.32058,254903.78129999994
24.03.2019 22:00:00.000 GMT+0100,1.32127,1.32456,1.31596,1.31972,228258.36130000002
25.03.2019 22:00:00.000 GMT+0100,1.31918,1.32613,1.31570,1.32060,223024.55100000004
26.03.2019 22:00:00.000 GMT+0100,1.32029,1.32687,1.31660,1.31858,276567.85959999997
27.03.2019 22:00:00.000 GMT+0100,1.31855,1.32120,1.30340,1.30377,275046.5127
28.03.2019 22:00:00.000 GMT+0100,1.30376,1.31353,1.29776,1.30294,235704.8911
31.03.2019 23:00:00.000 GMT+0200,1.30368,1.31496,1.30054,1.31012,225601.26229999997
01.04.2019 23:00:00.000 GMT+0200,1.31003,1.31492,1.30131,1.31234,268973.9608
02.04.2019 23:00:00.000 GMT+0200,1.31302,1.31956,1.31207,1.31556,224327.5082
03.04.2019 23:00:00.000 GMT+0200,1.31518,1.31907,1.30596,1.30729,230794.44130000003
04.04.2019 23:00:00.000 GMT+0200,1.30729,1.31216,1.29866,1.30338,190830.6298
07.04.2019 23:00:00.000 GMT+0200,1.30337,1.30739,1.30197,1.30551,194007.17930000002
08.04.2019 23:00:00.000 GMT+0200,1.30536,1.31210,1.30302,1.30479,200309.52040000004
09.04.2019 23:00:00.000 GMT+0200,1.30414,1.31198,1.30407,1.30851,196987.99060000002
10.04.2019 23:00:00.000 GMT+0200,1.30851,1.31090,1.30501,1.30512,172407.49190000002
11.04.2019 23:00:00.000 GMT+0200,1.30512,1.31325,1.30502,1.30634,149707.57910000003
14.04.2019 23:00:00.000 GMT+0200,1.30737,1.31188,1.30691,1.30967,136352.0196
15.04.2019 23:00:00.000 GMT+0200,1.30871,1.31010,1.30422,1.30450,145505.7495
16.04.2019 23:00:00.000 GMT+0200,1.30446,1.30669,1.30283,1.30380,143654.74790000002
17.04.2019 23:00:00.000 GMT+0200,1.30353,1.30522,1.29784,1.29840,188501.8509
18.04.2019 23:00:00.000 GMT+0200,1.29820,1.30092,1.29783,1.29815,308915.07019999996
21.04.2019 23:00:00.000 GMT+0200,1.29892,1.29976,1.29750,1.29772,67028.1503
22.04.2019 23:00:00.000 GMT+0200,1.29772,1.30188,1.29277,1.29345,147423.59090000004
23.04.2019 23:00:00.000 GMT+0200,1.29342,1.29635,1.28875,1.28993,158211.4995
24.04.2019 23:00:00.000 GMT+0200,1.28979,1.29163,1.28654,1.28967,170823.31190000003
25.04.2019 23:00:00.000 GMT+0200,1.28970,1.29433,1.28744,1.29106,151925.5793
28.04.2019 23:00:00.000 GMT+0200,1.29137,1.29467,1.29046,1.29317,127953.58049999998
29.04.2019 23:00:00.000 GMT+0200,1.29310,1.30485,1.29237,1.30294,151404.871
30.04.2019 23:00:00.000 GMT+0200,1.30283,1.31020,1.30264,1.30493,142332.50980000003
01.05.2019 23:00:00.000 GMT+0200,1.30481,1.30801,1.30178,1.30287,197046.52999999977
02.05.2019 23:00:00.000 GMT+0200,1.30286,1.31762,1.29880,1.31694,155446.07999999987
05.05.2019 23:00:00.000 GMT+0200,1.31388,1.31704,1.30810,1.30950,140678.4099999999
06.05.2019 23:00:00.000 GMT+0200,1.30949,1.31310,1.30392,1.30736,139391.45999999988
07.05.2019 23:00:00.000 GMT+0200,1.30736,1.30800,1.29868,1.30043,159737.0399999999
08.05.2019 23:00:00.000 GMT+0200,1.30043,1.30355,1.29673,1.30054,148594.18999999968
09.05.2019 23:00:00.000 GMT+0200,1.30054,1.30471,1.29908,1.29997,155042.97999999972
12.05.2019 23:00:00.000 GMT+0200,1.29924,1.30407,1.29409,1.29557,124561.17000000013
13.05.2019 23:00:00.000 GMT+0200,1.29552,1.29703,1.29030,1.29035,123647.82999999994
14.05.2019 23:00:00.000 GMT+0200,1.29032,1.29229,1.28260,1.28413,130871.73999999986
15.05.2019 23:00:00.000 GMT+0200,1.28401,1.28515,1.27878,1.27936,108517.45000000004
16.05.2019 23:00:00.000 GMT+0200,1.27922,1.27976,1.27118,1.27150,132267.30999999997
19.05.2019 23:00:00.000 GMT+0200,1.27331,1.27571,1.27144,1.27225,101445.60999999996
20.05.2019 23:00:00.000 GMT+0200,1.27216,1.28137,1.26849,1.27045,141993.64999999982
21.05.2019 23:00:00.000 GMT+0200,1.27046,1.27193,1.26239,1.26598,139368.01000000007
22.05.2019 23:00:00.000 GMT+0200,1.26600,1.26836,1.26049,1.26555,154331.9900000001
23.05.2019 23:00:00.000 GMT+0200,1.26555,1.27323,1.26471,1.27111,140983.44000000012
26.05.2019 23:00:00.000 GMT+0200,1.27257,1.27476,1.26670,1.26776,124600.18000000005
27.05.2019 23:00:00.000 GMT+0200,1.26777,1.27020,1.26500,1.26525,11332.095500298823